text_id:ID,original_text,:LABEL,embedding:STRING
d7d045db7baae0f6d60ed56b0123cd3a2cd67cddede6f27401d552bd73efa969,"# Operation: Dulce

## Chapter 1

The thrumming of monitors cast a stark contrast to the rigid silence enveloping the group. Agent Alex Mercer, unfailingly determined on paper, seemed dwarfed by the enormity of the sterile briefing room where Paranormal Military Squad's elite convened. With dulled eyes, he scanned the projectors outlining their impending odyssey into Operation: Dulce., The thrumming of monitors cast a stark contrast to the rigid silence enveloping the group. Agent Alex Mercer, unfailingly determined on paper, seemed dwarfed by the enormity of the sterile briefing room where Paranormal Military Squad's elite convened. With dulled eyes, he scanned the projectors outlining their impending odyssey into Operation: Dulce.

“I assume, Agent Mercer, you’re not having second thoughts?” It was Taylor Cruz’s voice, laced with an edge that demanded attention.

Alex flickered a strained smile, still thumbing his folder's corner. 'Of course not, Agent Cruz. Just trying to soak in all the details.' The compliance in his tone was unsettling, even to himself.

Jordan Hayes, perched on the opposite side of the table, narrowed their eyes but offered a supportive nod. 'Details are imperative. We’ll need your clear-headedness down there, Mercer.'

A comfortable silence, the kind that threaded between veterans of shared secrets, lingered briefly before Sam Rivera, never one to submit to quiet, added, 'I’ve combed through the last transmission logs. If anyone can make sense of the anomalies, it’s going to be the two of you.'

Taylor snorted dismissively. 'Focus, people. We have protocols for a reason. Speculation is counter-productive.' The words 'counter-productive' seemed to hang in the air, a tacit reprimand directed at Alex.

Feeling the weight of his compliance conflicting with his natural inclination to leave no stone unturned, Alex straightened in his seat. 'I agree, Agent Cruz. Protocol is paramount,' he said, meeting Taylor's steely gaze. It was an affirmation, but beneath it lay layers of unspoken complexities that would undoubtedly unwind with time.

Alex's submission, though seemingly complete, didn't escape Jordan, who tilted their head ever so slightly, their eyes revealing a spark of understanding. They knew well enough the struggle of aligning personal convictions with overarching missions. As everyone began to collect their binders and prepare for departure, a quiet resolve took form within Alex, galvanized by the groundwork laid by their interactions. He may have spoken in compliance, but his determination had merely taken a subtler form — one that wouldn't surrender so easily to the forthcoming shadows.",Text,"[-0.05702599883079529, -0.019918417558073997, -0.010031371377408504, -0.036936622112989426, -0.017801370471715927, -0.005547965876758099, 0.07837190479040146, -0.014934775419533253, -0.027033360674977303, 0.026395823806524277, 0.03808201476931572, -0.0792326107621193, -0.04982997477054596, 0.021256672218441963, -0.05952520668506622, 0.015177390538156033, -0.07214125990867615, -0.07451681792736053, -0.0446285605430603, 0.0033120696898549795, -0.04582364857196808, -0.003811449045315385, -0.07844953238964081, -0.03913429006934166, -0.006380721461027861, -0.04395158961415291, 0.05958511680364609, 0.07403542846441269, -0.019055834040045738, -0.12579338252544403, 0.05696503818035126, 0.06784602254629135, 0.044776901602745056, 0.043428193777799606, 0.07047702372074127, -0.0007946180994622409, 0.029988190159201622, -0.04269719868898392, 0.051502376794815063, -0.0038392411079257727, 0.02123177796602249, 0.0004174759960733354, 0.1205209344625473, 0.07004129141569138, -0.04020552337169647, 0.0757288709282875, -0.07241293042898178, -0.0056681265123188496, 0.027370065450668335, -0.011217771098017693, 0.045292630791664124, 0.0015026795445010066, -0.020994625985622406, 0.004138505086302757, 0.047021400183439255, 0.007922028191387653, -0.0005959714180789888, -0.02300105057656765, 0.04538050293922424, 0.015983400866389275, 0.10366548597812653, -0.027307987213134766, 0.022731559351086617, -0.05639858916401863, 0.01739501953125, -0.04630723223090172, -0.04278283938765526, -0.0993356928229332, -0.019191699102520943, -0.046564772725105286, -0.06436974555253983, 0.0785544142127037, 0.04474644362926483, 0.01859407313168049, 0.07962697744369507, 0.009092169813811779, -0.04121912270784378, -0.08093035221099854, 0.04666920378804207, -0.07902704179286957, -0.015165375545620918, -0.03442944958806038, -0.042226944118738174, 0.031323958188295364, -0.005353844724595547, 0.06115986406803131, -0.012074010446667671, -0.025510696694254875, 0.018131908029317856, -0.04220152273774147, 0.024678140878677368, -0.005258331075310707, 0.04692436382174492, -0.06583262234926224, -0.13004913926124573, 0.09807861596345901, 0.09177841991186142, -0.018355172127485275, -0.10326334834098816, 0.121859610080719, -0.007963444106280804, 0.06416379660367966, -0.03670204058289528, -0.02558324858546257, 0.019515009596943855, -0.055263422429561615, -0.058794938027858734, 0.09025304019451141, -0.04057236760854721, -0.057470787316560745, -0.04725325480103493, 0.01677674800157547, 0.0025202834513038397, 0.04811578243970871, 0.014743673615157604, -0.08162453770637512, -0.06984757632017136, 0.02987760864198208, 0.047787345945835114, -0.058411650359630585, 0.08782660216093063, -0.007533818483352661, -0.01453846599906683, -0.014550505205988884, -0.13553020358085632, -0.09742675721645355, -0.0014543961733579636, 1.7766301130157094e-32, 0.025839628651738167, -0.040700431913137436, 0.05031440779566765, -0.04644111916422844, -0.04597478732466698, -0.002830952638760209, -0.046372249722480774, 0.006332686170935631, -0.04799817129969597, -0.0013152881292626262, -0.11551817506551743, -0.05799448490142822, 0.03643309697508812, 0.0008371701114811003, 0.014464907348155975, -0.05463901907205582, 0.04701860621571541, 0.08039551973342896, -0.06862961500883102, -0.02567288838326931, 0.06277045607566833, 0.05932944640517235, -0.02059260942041874, -0.006394065450876951, 0.05006862431764603, 0.07019367814064026, -0.013204041868448257, -0.017614170908927917, 0.14073596894741058, 0.020146159455180168, -0.03138699010014534, -0.01545017585158348, -0.07939314097166061, 0.016235504299402237, 0.0437166765332222, 0.007748146541416645, -0.026605820283293724, -0.024057850241661072, -0.034736260771751404, 0.016813581809401512, 0.0327073410153389, -0.04452645033597946, -0.10211706906557083, -0.01888267695903778, 0.003150305710732937, 0.00810141023248434, 0.034105703234672546, 0.030134417116642, 0.06969146430492401, 0.09695249795913696, -0.049870360642671585, -0.010487668216228485, 0.008390846662223339, -0.06085513159632683, -0.014602528885006905, -0.02374984137713909, -0.03891976922750473, -0.01882086507976055, 0.07597778737545013, 0.00023206297191791236, -0.0060739354230463505, 0.05267741531133652, -0.031023135408759117, -0.05682931840419769, 0.019683947786688805, -0.07858752459287643, 0.007046726997941732, -0.08040285110473633, -0.014955523423850536, -0.02368536777794361, -0.03907206282019615, -0.03259966894984245, 0.11358228325843811, 0.026726875454187393, -0.022395236417651176, -0.03531220927834511, -0.03865809366106987, -0.049603041261434555, -0.11939259618520737, -0.04279839247465134, -0.011993787251412868, -0.02406311221420765, -0.07498440891504288, 0.0011255304561927915, -0.043161582201719284, 0.09728521853685379, -0.05573723465204239, -0.08609233051538467, -0.026026660576462746, 0.016096875071525574, -0.04680348560214043, -0.009471636265516281, -0.025984272360801697, -0.010853767395019531, -0.017713896930217743, -1.8289263873158545e-32, -0.025323357433080673, -0.0006642058724537492, -0.0004499474598560482, -0.029152099043130875, 0.020504752174019814, -0.018629299476742744, -0.030071226879954338, 0.03227207809686661, 0.06512006372213364, -0.018801290541887283, 0.04925261437892914, -0.05066939815878868, -0.00900320429354906, -0.053428176790475845, 0.037478040903806686, 0.050052132457494736, 0.021550681442022324, 0.0048334975726902485, -0.007818935438990593, 0.036354612559080124, 0.001148753333836794, 0.07295680046081543, -0.08005630970001221, 0.05826840549707413, -0.03887161985039711, 0.03443850204348564, 0.012968018651008606, 0.03495454415678978, 0.046811848878860474, 0.0713219866156578, 0.021740112453699112, -0.0446026474237442, -0.03660230338573456, 0.11557144671678543, -0.09272158890962601, -0.08946619182825089, 0.11233021318912506, -0.04293445870280266, -0.017698589712381363, -0.014212247915565968, 0.02557780221104622, 0.017105592414736748, -0.012534336186945438, 0.02978680469095707, 0.027054758742451668, 0.0033133586402982473, 0.015749074518680573, 0.007748447824269533, 0.02322322130203247, 0.03298046439886093, -0.002703859470784664, -0.0467769131064415, -0.04830116406083107, 0.009894361719489098, 0.04091063514351845, 0.03798242658376694, 0.017211804166436195, 0.027991175651550293, 0.09762303531169891, -0.02397865615785122, 0.10195543617010117, -0.0003999493783339858, 0.011594029143452644, 0.025305183604359627, 0.026417260989546776, -0.06273678690195084, -0.04809989035129547, 0.03181862458586693, -0.010481929406523705, -0.06659653037786484, 0.037853676825761795, -0.002027106937021017, -0.00249108811840415, -0.012876809574663639, 0.13942737877368927, -0.04830411076545715, -0.03782688453793526, 0.03366624936461449, -0.025488832965493202, 0.08124681562185287, 0.005931327119469643, 0.03566490858793259, -0.02541188895702362, 0.03676324710249901, 0.009002048522233963, -0.056720100343227386, 0.1392081379890442, 0.039544690400362015, -0.038803908973932266, -0.09953942149877548, -0.03501083329319954, 0.016841378062963486, -0.010600906796753407, 0.018435664474964142, 0.05516304075717926, -4.815640863853332e-08, 0.03844063729047775, -0.07782565802335739, 0.0008244964992627501, -0.0380399115383625, 0.11447370052337646, -0.03786960616707802, -0.004866396076977253, 0.004007806535810232, 0.0066310940310359, -0.04029744490981102, 0.061481229960918427, 0.017572127282619476, -0.0194866806268692, 0.010673328302800655, -0.0031268191523849964, -0.007307393476366997, -0.13591210544109344, -0.007778433617204428, -0.0587431937456131, -0.02565949596464634, 0.034965261816978455, -0.05285108461976051, -0.021186700090765953, -0.10285206884145737, 0.019996169954538345, -0.059565261006355286, 0.04196428135037422, 0.09096445888280869, -0.023435577750205994, 0.015035249292850494, -0.060076579451560974, 0.010843532159924507, 0.018464749678969383, -0.09901680797338486, 0.062284573912620544, 0.05980085954070091, 0.04975086823105812, -0.007473460398614407, 0.06268255412578583, -0.04338269308209419, -0.015342909842729568, 0.012950526550412178, 0.01631156913936138, 0.04633847996592522, -0.014751902781426907, -0.05389568582177162, 0.012636144645512104, 0.06870117038488388, -0.01233199518173933, -0.08771973103284836, -0.10739132016897202, 0.0014491586480289698, 0.013981037773191929, -0.024240544065833092, -0.021123111248016357, 0.0058153122663497925, -0.08491761982440948, 0.09193509072065353, -0.024005873128771782, 0.007016918156296015, 0.0838296115398407, 0.04523656144738197, -0.041841667145490646, -0.03066135197877884]"
