"concept_id:ID","name",":LABEL"
"50f06418c992483679206b58d07070ef996796d4ff21086c54287a11ef8d7d4c","crew","Concept"
"ffd21d47bdd764447b00d2c09a7b0c84daaa41b0ab895e7970b9817213164291","infrastructure","Concept"
"c74d3fef27579fe250a8204954dbe252c8ec731016a034980de75d83955d9c47","relationship","Concept"
"db3b35bd7fa456e0189a3591c24efd0c1b4436c073b2a7959e5bdd60324ab04d","beings","Concept"
"9a1f7e0b3be247269ea615e693ddc26bc805969df819d08670c2a50b5604f081","discipline","Concept"
"a91b3896180d6ce5a88f36610dd303f5a65a3b152f3dcd6164ce792851b1150c","logs","Concept"
"86b93ef44c0b4180c74021944b9d31d813b91909bf4fe69189965e80c6386bf8","convergence","Concept"
"885ecd7684ab892311d7c101473684f25fc2de3f8979a2c6ef6b3d2b4f4a7baa","static","Concept"
"db2e406cf890637b9bdabbc69f0e7d9a2ad7642edd28e98f08e4bff2c3a72a44","assertiveness","Concept"
"23097c53d224d9b87f095a37baa77e5301114898cd6aba1d87d44cb133de91ba","noise","Concept"
"7eb84a54e9c5abee6afa8427933bdb6575ba82e82aeca41c9e5a92ab93e0eed2","decision","Concept"
"94f6f9641055dd5ef1b568cae21411299eb40afba9f5a0e5014817a9439db8e8","heartbeat","Concept"
"b498750dd6eaa09b1927dca14e074656515d1eacfadc91898086cc84aaaa78a6","conspiracy","Concept"
"2183374276d641702d30285c6fb547422d5adeee828bf81b50ddef3c29614c5d","understanding","Concept"
"af3c5c7c0263fa1ecd6c676082b4d4a2e773d96468a5d6517e85b97f00b9911f","release","Concept"
"9f46f72363e008d8c6d97a7be0eef33a4d459a4bf97d37c2d3cda41c99c0b002","concern","Concept"
"eb151755fba658d2c0bc99bd88844f4819a4b108543d4fd0735aca008b65832e","criticism","Concept"
"78488aed712cd4bba5e93e66730b350519aa7a23b0221a3073e721aeb5c824b5","notice","Concept"
"deff567f19ad2b6f91f748747b96f58d3403eb53365ee48fffbc1de0965cbcb4","elevator","Concept"
"0e11207f98ac0c7563a1d5eec2dab1547b727ffd952af4cfa823c6f3cf81d936","battle","Concept"
"87d1a459378f0380babb16bdeab86ea234a35f5ab460dd39a01377d4cde8d1f3","eavesdropping","Concept"
"3bc89d20fbdc3b7cab2fba426a7b8ed96e63a2af2d5fdc529d963398c9f107a6","refuge","Concept"
"a42b9fa09821b78e0322fc9390dbc8164024f43958c8ced57ec7c664cc0be7fd","tempo","Concept"
"ca6f79e088a5809e3996710a941595b7813af7c56a6389055ede4f68c0966aa2","metamorphosis","Concept"
"38218bbed6954045d168f23718f2287543ce34b0f0c9de89ebc509863612469f","neck","Concept"
"bb0cb1d353fbaeac834a28fba94d1ef31bdc90ab84036cf52a7e236889491883","patterns","Concept"
"71073cb6050eea88a9ce51c19c4ba7a63ad15c2e0e29b951ef2ef0cd850a1250","joke","Concept"
"e395c2c9d5fe9b1ecf7b01ecbc56d0f951251b929285feb4dd9c98df73cee842","doors","Concept"
"94d5ea81efa8001dc9ca2126e32e465e60226b8990f6543317b5db9abc75e2b4","elite meeting","Concept"
"2f31ff659379e7607f0163caed7af61da3bbd7ddaaf92f0adf0540add4141061","ways","Concept"
"9c66e9cb4746f323e38a5bd7b92fa90aa19380d9b0dd845598663c006d52aef4","stepping","Concept"
"7dcc498da1e0e142730901a39114299810812fc766d526ae50fa57a198716d6c","scare","Concept"
"15e854ba4b1b17102e0ce95b83554fba6e9a92e8aac9ea84012bba56f9b2be0f","approaching","Concept"
"66b3d0cbc21f4809091ed4003e8cc8a59c8469b0bdcb90a4ee9caffeececa1f9","chamber","Concept"
"de8638a60dc8d6c89c617ae6ae651af3624d3e334abd9a3511c5042b1a2db968","approach","Concept"
"8931a1484c83ef39d50ffc831c63fa1da6ea0410dce1b8941682541ef070f189","denial","Concept"
"4440d4ce3a2ad458316f5ce906f34d97db330fad9b59f76ff4f0328aa4fc2a6d","pressure","Concept"
"66dc3dedb558ed12491b9fe3235698eefff435c6070f30d657bbe87d5b966af1","impact","Concept"
"8e316522caeb45f193520661fa1c48c35da309f46a589367aac85ea874bf3180","separation","Concept"
"2dfb685b4fafef7c9f785d8fc54b9230a07dc7f4d4fb1eefd94cd89bf1fd959a","resolution","Concept"
"f9941c9eb0558f64bd851dcd7e7c4a4ee776b42e4fab43bbbb5d6cb4f66d8e77","reality","Concept"
"1e824caef791003c5ae0e016cafc558c4bc0d3c1e63b6210dae1f1784de9db8d","luck","Concept"
"171c17856fdc5802b4d352fe1bc9f71bcd7c41bb7fb85372887f14b24d9e05dc","vehicle","Concept"
"0f640b21126ee85db7780e82c04e912931047d0e4ef912724fec495a82c3f09f","dialogue","Concept"
"de1a7625ec18f76d697fa2019d7682834299e4ccad66d5b0f0be827302376ea1","regard","Concept"
"f40d2ba40494c39d90e673688bbd1c5242ab60ccd87288cc180d5cad489844d9","time","Concept"
"d19d6c04e4e69bdcbeb7bd5fa500f6f18258da4f05a27be45b1699ca93ca7713","test","Concept"
"e30d8c1be96e0787909556ab6c0dddf2992e939edefa3ffce1c7e114c591742f","voice","Concept"
"1640d32cba4b69eac6163308b17efce08075f0767c0207fb6343da7470b3cf62","notion","Concept"
"f6bf202cf56ea9aaba034ef4eef19e1d4a5fae49c27397c2f3a13322ab38a47f","coding","Concept"
"1435e5537f5d05c6b98507b5aff3cf307edda344716cd350699dbdec40f29281","attempts","Concept"
"698800622c445d262e3cd0982715e7b3fe3398f3eaadde60b6683293f77f8561","gun","Concept"
"133ce10000c308e579138e065613605bd2e71bcca24bcea03378410f98111867","whisper","Concept"
"5b26525585c37d313d8bed25efa34d4e869b22b501467348197145214e9d1fe6","facade","Concept"
"74c4134d7dec5560b8e4069510599f1139d267c0a7fc774051e91c54443f74d8","orders","Concept"
"d0f2b213a2853e1163963dafacc3b5cff13cfc0ed2d1a36974189db064def45a","gesture","Concept"
"ae8f3243c37ee142b4100c9c544e5674ec1b8bea22958a5cac7f7e2daee615db","innovation","Concept"
"f255ea964b07246f9b4b48f8f730e0145a8eb4d77d264a80d51ee4214551ec10","order","Concept"
"4f9937cfc27e82ec952010675740c485a056e665aef0048fb6531b4213c65ce2","screens","Concept"
"f378ae0d84b4bae8f60ad10f74c37b6cc24c57903df26beb4489d94f5c7cf7f4","sensation","Concept"
"be490ecd0c833dfe4d109d4c5cff7c1aa0cf3e5484f045bccbf8de6194b0dc78","marching","Concept"
"196ce80bc2c047776667d3584567b5a1b69086217e87885425fd66da92f168c5","site","Concept"
"bedae7a3522863f222a457323ec81b78e228c42948ab9209429c3c687c960ce3","appreciation","Concept"
"eda6a9e67a0d3983487032b0020e70b5847c0a8527aea2e1ddd518ecd8658441","displays","Concept"
"9ea94de1a8a7e0d39b7c7ddc3de3aef1b899fae592bf249add3e972ff2356fb3","dismissal","Concept"
"dcf4ab69b90e46e0570886c733b66e0b8cf43b8dba7ce7ff0c3f95005dd404b0","existential","Concept"
"47f101f94a5d2dfad53087daccceccd1b0c72fbe4bcde88146158bdc6fd16857","operatives","Concept"
"cf5f500bedf0c638118e4c9fa991986b8a477a99306f4e6565f4f0cec0ce1d5c","face","Concept"
"7535e66cbdf05216e2e26d004f4ddf7f62f07ab709866d2212bcb648b5b42361","pursuit","Concept"
"7b3358b1811c063cdec19390794a2dc8e4795c856ea851c8759a472943d2902d","conflict","Concept"
"ecb5a538f335e57f94352b0efba090d00bc1d56e68b20cb2b28f9c68ce015e44","needs","Concept"
"12cdf9606574406b4100501784f432ca255173ef1f10325f308ba4382d60d539","analysis","Concept"
"2189dc5b54e506b97d496fbe0471891dcbafc761f8604305f0ca2efa602bffe4","control","Concept"
"3a55e7571051e8e4c1c4441912b05f6d6eb6b1d8b74ef82cd2926f1d79f85633","mist","Concept"
"1157701535f4e651608199491d7493ae418679569f4837434cb9ee6ddcacb17d","actor","Concept"
"8f742a9898c80a9e5aabb244aedb5cf401baefdfcea8e81eed75982639058d88","selfworth","Concept"
"41134a14c23de5e3f50ba9c8defeba486cc94ba4d17fc9e0317a5077622d3439","spark","Concept"
"3c6d0adec872f91110cabe438cfb82b9ec69079fb5c7a38f975d25ecb70da652","kindness","Concept"
"b8e5b16f463a4c141a66515d656970b436f6e8a144e872b8f30bc29aa5402a7a","dance","Concept"
"aed39182b337251d2a6f6fbcff7a4cb591aad25f36a4740ab6a235c28db7444a","subject","Concept"
"105b460d069802f9c48d04381c29cb45b0f56871e8e5a2fca696ab7c16f14f7d","nod","Concept"
"be72697dce349565d307bcf59dfae90747b9101fa5c6ab0b90d0c68308e4cc6c","anatomy","Concept"
"e6083588da3252c0b37501e61ae047082cb91171fac07e9b68d219f9e9d9f786","unit","Concept"
"65a12e18efe7b566aa11ae82c545cc89dac5e911814290230a5f151e2612403e","drive","Concept"
"05c1e504c4a8f6dad8d9ffc4197436ae06fa33f6c7e634a941027fbdfd87c56e","robot","Concept"
"3b76e25a38ec5f12ce41bad48d91010b811dd3adddd105f4c78bc4b3ef300fc0","rebellion","Concept"
"9233601d225be00c2bf25c89c4e0a2899b795096c5f29ae3b22daa5a177e9408","cover","Concept"
"8bff83c8d1197e4bc258ac0d41d73529011429278c4fdedb0a939fd6c386b4d3","infiltration","Concept"
"fc1f94fd45c3aa78275f2d9d147b73fe85fd723fd45febd193b154236ce0a731","panic","Concept"
"1aacbff6064531151fd3aa43b3a8ff135caa29b89081a0ab3ca44b6bc5a94133","defiance","Concept"
"900ca64919b95ec6a83f80b09e9f5f8973f7acbc776a2eb27343d3485d8847da","complexity","Concept"
"a439d91e1cb64bf39727c1431df4a2ff81076bfc8b1872519f90f4afacf41d68","existence","Concept"
"29230e276bcf942659d89463a6b1f55ab11f7e228d071781ad799d15ca8aefc3","intuition","Concept"
"4e78e3c0f695e75dba3ee92638689267a0fbcf6c0ceb3bfc97545596299f200c","digital fog","Concept"
"7c6c18353a47fa03281c801d17343b0786d526236e21149c44f4c42d1fa5eea4","reverence","Concept"
"8cea62ed19cee2be5c55e4e885b1a0a620bb211c54058e97617bbfbb8cd8424e","condition","Concept"
"599a62a5fe19cdc2aa0e0e65f903fe049fd06dd9936fc493c772151ed3f40016","adherence","Concept"
"73d27d253b1b036c04ee22cd9856d49b1082da51f9114c228d37f448d56189e1","sense","Concept"
"657d39d8b5bcd00bfb357c3af3f39cc16d8f8d03d2b3d627cc7b8617892396b0","feeling","Concept"
"906abc75a9417947b3499b2873f145b45aca78c072d2fb5c4601d4bd05cb42cc","projectors","Concept"
"e0db6aabf3e9e80747ecb283b09329de39d6839d64e67b60c806e963544178ce","framework","Concept"
"2b820a0a87cc9966add0013c43691ecac81fb301b35a76cf124fa31068d493a6","desert","Concept"
"9c18396e95f01f1d05364465ee087dacba432a8fc835239e60e9eae7124b8e4f","gadget","Concept"
"d15e15885cfc99e648cf5e7514c7fd58f941f565941187a9f9d72c0d850fd421","routes","Concept"
"bc30456e7b871f1c2d7f262f820490dd9271e6f0e0eed71b62948d8557fb9aa1","confidence","Concept"
"5a629efa09ffdf8af425d93a758e35bcbd63cc062273edae529127bf769935fc","icon","Concept"
"538c554615146097f8626a669a513d1ea00925d0640c89289e37d8da544a2314","commitment","Concept"
"bc01ca7e7e144a9a34f0605477c418e3080c8b7429ef654bce9502850fc23469","solidarity","Concept"
"7df18dd0fa8da0545598913902a074a9f85c9b64db6e3b0faa293f4e637b4d9d","shadow","Concept"
"f9238a9a4787bd27d643a6dee5dd6453ab2c4ee16b2b5fa0482262f79de0bef5","status","Concept"
"60f659892878891f9b104e4985b6f668c95a727f7b3f02dbf48ebcafd6fb0e1b","scanning","Concept"
"2c2456b0f322068b02a88af93f84d831d9dbf7c6a5e8fe5c8db0c230088b5da2","term","Concept"
"30054169f3e1f427f9e0dbfd6a33060130d3981e25fd07a845860ecb3d38c4f3","crash","Concept"
"e5bb6908d29e9ffe4d24d5e53b8f2354d823cb0e39f548265813ce058015a933","thought","Concept"
"e1cf82c5bada6ee9046a116dd1f21fd30aec83f14f34a693dd6ca7eae62e0256","area","Concept"
"bdc8992455a27cce2fed9429359ab40b50b806020606766787683651c687c49a","entity","Concept"
"ff7de46b5e952969310dd0f64a32913633a2c2efc1e9b2ddeb6842ea201be066","efforts","Concept"
"52a6e5f61ba09709362264764ca7e31f6c57710bbd6f1c753f8354c9c3a4b5e5","adjustment","Concept"
"c8e5ad8cb0bf59bd9a968606ded145d5c19e001ef7cdccb01f4dd9decf5a1c08","scrutiny","Concept"
"80ea7e67d0912f4b0c2e871194b689acd07623ec201baa5d8e244913f0e17729","seduction","Concept"
"e56ab7e6bdaa95aa51095796b9a224a83c7f26d16bb917f9fe8982a173ea3045","verb","Concept"
"90b854a47700aa3c06fb247ea9778844ddac2837bbdd3f35e82b5724d5bd99c6","evolution","Concept"
"f38e3566f294f4b3e9070da08d2e706b9affbb387cd40c42b3a7536152273d7f","poker","Concept"
"c178a23f1e9235ce405a7e1460a91b2246217d122f153ef971a1f232cf97983c","hallway","Concept"
"a15dc8819a602b17daadd28a7c06493630ff0ee3a33ec68345698f1fd7ecdb8a","temptation","Concept"
"a3891fdf83bfd69cda84d73735b88cc66a5018b00c47b16a5845bf780877e98f","musing","Concept"
"445f5971c100037898ec52e5a3a3aa7be73e038d4319d22fc9a140e4297b146a","monitors","Concept"
"6491e77a3ac91d8746695eebb242ce329a9a0ef876dd5091698267ded5e415ae","contemplation","Concept"
"396e21b5f9e5c5cc7df8c26471209778af103ce6857083c000d19ea644cf9902","communications","Concept"
"462dd2328d5950d1c786c7157fd9812b1721665bd7c77bb68519fed903eb4bc3","barrier","Concept"
"66218a5045b1d57568fd6b4c63533f8ff3c33e5172b1eedd59942caa49fc3119","importance","Concept"
"f2fc9b44617c427cbdebc5bcd917a3b5c4b92e5fa29c489220ca6d0739e29249","evaluation","Concept"
"b73055483f2a784fe3a187764581ca5cb2c7cae0a02e3e5415dca30f6a581619","machines","Concept"
"e005e648825bb7e6a9403e89a7d97c2e06c95b1d2518b5acf32863281f5aff14","standoff","Concept"
"d4c136d549942a2fd9994ab9f71c72e4aa88d6a46528c237ba223e1cbc4a941f","surrender","Concept"
"f9cec4620d47a99efeeef32e590b728b40a8484497b4c3b22e4ca5079bb5d5d9","foresight","Concept"
"6ea84db9a33024d9a63697bd46e0aa8a8e554b2f4839ab817c3e8b43870ba9e8","interest","Concept"
"114690d891ea33d62270f45e1285d26a16e992f742dcf92ec9d7999b5df54171","entrance","Concept"
"cd3004f22b4315db09b6f15013c37c880b75cfd570bb228edbb3b6139385708c","equipment","Concept"
"8ff9b3dce7567dc12ae94f3b115279e93efd705370a45b030e9268580e71639d","assault","Concept"
"ccdc7bad9fd017e5635519d0533fa0e8c18732bfffeacd1c9982941873593dc8","hub","Concept"
"e44a5ad0c7f1163515370b4d005ecfb304b172c6dd915270a50c0f743c1c2566","documents","Concept"
"a55108a840d1095eba2e0d7833f5dbeb60585ca12faa7cc39b0bcbe9e875dc89","change","Concept"
"47d4d9436369803aba2c821ca624b8dfe3e9d5f245d37cbf1b8346b5b59ee023","encouragement","Concept"
"ededd0db8ed4c59dccad0994a8bffbd116cae91cb6cb0b1a85b7a2b88968c0bb","words","Concept"
"119b7746fb748b5bd8fddc6b794db731c62acc883d68dcfb238d43c766c1495e","espionage","Concept"
"e450a8181a9ce750202836779748a30a4c2bbbba507f733e0f77df06cc91b0b7","consent","Concept"
"3aef5e8cb218cd8149d031dd5f0e72352d880c0c620f95bc390600f8d3ee9932","authority","Concept"
"580bbec55ba796bae05e664d07589d63e05793df5d0bc5c7cfb5a6d5b25ba05d","science","Concept"
"ada3a5cf8c32d60f7a1749755bac22f5b74c38b2ed8b3bd83e2c5490d72a688a","signals","Concept"
"5578e195a49204e5892f6364e7b522757a263525a9a10a083b2e892104c5896a","door","Concept"
"013e92d3fe1c61877b9465027b70576265c39ff67c4b8296586e88122090d41c","mistrust","Concept"
"28ee5126226295c1218429325cbd4fc30b08ad5619c4483cb73adfbca44f5302","research","Concept"
"3831d28ef4ae19be44a752105d470c6e23693dceee3bbbeba9768bec585876da","waiting","Concept"
"12700c5656832b1281333c5dc35dc7d070632b8bf9979aae984b6f5cc5a2e427","element","Concept"
"99723aac5ef7b3c875f24b676261009918fb180fb4f42996e20e941a909bc3ed","menace","Concept"
"56c2406e53532635a483270c09d31c3b61516f03d8bb9d3ad94df8e1340097e9","pieces","Concept"
"86b538fb342c141d2381b789d35842de1bb5a5d4fbc1c8e0c4b5266fee5858f6","discussion","Concept"
"81e9e37345df75837b46b88e7d4f959a8d924b8ccadee5b9b19d063dbeda834e","sensors","Concept"
"b2f5119363cacc130b23987c428d167d148bf1a7cbbf2c1e15dcde1392bd6005","performer","Concept"
"f15d41658278ebbd0c1b67c4673e24d010e6da3f90fdbe0893cafb45db0f6efd","champion","Concept"
"0dd1ec347e4d5aa79a27945b8074ab98c32e41c4dfde01a5b0fc80ebf16b1e7c","calculation","Concept"
"2d330678745269d5416e96bb62dc3554e0398b63fbb91c140eb34c950409918e","assessment","Concept"
"b5f6da9230893ed1c591987771f6ebda0abfd2c31d4d821031a73e43796a92e7","preparedness","Concept"
"bda5241e4d362a44dbc90078fb399c8dd4fa5fdddc38086eb0d594331b94ce7b","submission","Concept"
"68f632f57c51966d451d7da98b88336b0f9f4748a3ab8ea1a1e72983817cc5c8","momentary","Concept"
"b54ce2988081a0c7174d5fabb3ef59c7efcdbaeb6f0055ccb2f234dd9f558b25","commotion","Concept"
"31defaeed5808b4e62948573890825466989f4104f706766fb27ad8405057223","darkness","Concept"
"09077c0520b4cf9ba28ae9461b29a399a85d1ec0cbdaaa7d0e75cd9e08374fdb","rejection","Concept"
"d703843829614b537b1a0475cfb711fd9ccc8343fc62b209e253e73e02e1fec3","chess","Concept"
"aa7f75b5a9940fab30fd3445f9b3cd5ef46fc58511fe87734bee57b2324d894c","cooperation","Concept"
"9919be28bbeaaa85f50170c04e8f6305e3d6128a9a90a997747a4eebe5271bef","gateway","Concept"
"fcd86d0606b8baa55d05664a184b8f65e5adecbd8df9c9d2f0941d25091f3cd6","fire","Concept"
"fe41fdaf53d1163b7d25db2ec3693503d3cb8c762aa193a4215be4538511215d","secret","Concept"
"1eec1ed2c441aa74d2f3d3632ec734c6dfebcec270090ae46f02421ea71ee30b","resonance","Concept"
"7ddcfa88755df3572fbb1100f1dd7855e518175d019792b2ae5890d1c3449a67","transition","Concept"
"10ac0369660b1447b2dba315661f098594b87a94eec0b74ded1f5ae2895282e1","breakthrough","Concept"
"8d0f8d3e83e1f623d135a391e92b3230959849bd817f855c1eb85d01082f46ee","acceptance","Concept"
"00ded492bdc78b87385be4c98085c203c3ad5cfdacebdfdabcbaae5d451c9382","pace","Concept"
"da7de9473012b6d7b993222683fcb51c7b2c8e705f7a94e3b067cb475260718c","agreement","Concept"
"086d0b9e3576a8bdbf2b93e833afbdcb82496cfbe6821aa6d582a5840e68be2f","calmness","Concept"
"adb2661830a0be3df6539e5b5a7e660045ff616f9e8cfe906cf5da11ccbee5f3","characteristic","Concept"
"4492a602321a06fc4a82d9870842e49f3353c37e745b3efab6399a78776e2630","absence","Concept"
"4624ddbb524d338c94a39a361aa607161d58239383a8034d0e4099b89dfd8f3f","instruction","Concept"
"358124948ce2e83aeb1322a1f6a3e99db2e18d254b7e3ba02e373a697c6dcb59","realization","Concept"
"0cdacf7ceabfb7cb251e78169ca99417bdff04f4d10378992341be49628b6b1a","wreckage","Concept"
"626fb4178fba44effc5207cb54ae879e923de32046b8bbc7e39ab47f751a325f","data","Concept"
"fd313b23db062e5a7d1f91afdab926806401d9abb7d4a344c44d18e71455d62d","invasion","Concept"
"92c707e7492a10d899f7e8b61cb08d84970f840bba299e9faa7b6ed0ce0b4804","sacrifice","Concept"
"f315bad391c1044ed013cfe1875124d608f05c73e4d2b543d7c53c0e26b1a154","explanation","Concept"
"d9927613346e700db222f11d82bd543002e1d4ac18459e891b5ad809a351ee62","traits","Concept"
"f4ebf57350d918b8cc322944ea021405503d103d4f5935d03131d7e973dde38b","trust","Concept"
"57568d2ab5a12021855d4c28e972fd014d39c8bdfdd21e1e51b91c6fb6fb5db4","assert","Concept"
"c1c09b9d9ae57a9acbb6f6de13ccbebb1d361fa4283fb4d568ffcd44be1e8e89","quiet","Concept"
"10802b028353b7ae95fe5219e14ee9fc466698b71a71fc66fbad76ecf9d88067","moment","Concept"
"9acd0c83caf074ba841b029352d2a87b83b91eefdc6c528617d47f572caf7f54","freedom","Concept"
"6983bddd9c831733972d6d2bf231298167ba6a5a4e847a1e8842b1f6222eccd6","marriage","Concept"
"280b67730f4981d8107205bb962fe4eb854b119c53d0fe34eac5b0c7c7ab7618","resolve","Concept"
"6651a9f883fec5314e619d10929cec8cf21d563f2804f1c0a59d4daf1fe5a314","knowledge","Concept"
"1805a182645cd64ea9a23a57785cbcebd8ea19044cb4bafd83dbdf1f75f58052","approval","Concept"
"0caa302fdb27d6364a5cd3530faa05cf3bcf2d90587a80a7c8795c2f1237541a","admiration","Concept"
"7d7c5f99c17bcb3e9e1e2c76074d26731af7b8df512d7b7a75c1cb8ccdf049a3","experiment","Concept"
"b03b711f8be213de42045aed8151dd9dd9d00613e6d36e362f37b4802cdd96e7","lab","Concept"
"39a87a9ee444db545bf6c6a66c55e4894216e66db73ce46fc853fc621f418ceb","reflection","Concept"
"f6066f08196f15064de8a12a3ab54ea76bf5ab7457e7b24df3dd1396383504ee","shift","Concept"
"2769d9a399f53d6bc59e16d81fb4939a7e614505aa714c43f21432a158c26621","survival","Concept"
"29a0b78807327ce038ec410a5087e4e1233e98253dd70c944e17a26f7e267925","despair","Concept"
"15b3165703cd04718701531bfd91d398360f2f3d6692dc802852bf5f17d15cb1","validation","Concept"
"4db86b657e6ae05fa9057549a8b09bd8298bcd7f5af971b6630719da865dffac","reassurance","Concept"
"3158b69e20b74ffeeb03e701b38f42e1d0d3943395557c11cb95c16d59a1667e","dulce","Concept"
"1da659ab8fd663adf9457886ac50181d3a43e2321c56cf2181c7ec69900bb984","elevation","Concept"
"a71f498abff57c92371d6fc2324e7da469beb726ef3addedc2c32c39f6fce794","questioning","Concept"
"4f9605639abf071a3ed8eee860384579525fea834943222675ca6a888b921aad","device","Concept"
"02fb4905d947c2320b24a168a20ca71f99448ceb8acc2e938d2498417beed2b0","attributes","Concept"
"07cb4766d6580fc6e111f414f6ff448aa15e0bf1a07db0a1287568eef946066d","break","Concept"
"f1203a68f786c359b427f629dd9e9f0cb5fba88e8296b3d92383e5ac944d0fb2","awareness","Concept"
"5a612e37cd44a1808b8d34b0d8645d9205bf44380e9964bd3f000cf8f380f0ed","facts","Concept"
"ba95afcbcbd406b44d164f1753e430c2b42572b369b9a91a93a330441c5fa323","insincerity","Concept"
"75681179ade751755f3a06e751968132f581d1421a25ea3392b08e893fbb51ed","unity","Concept"
"c3ecd10e8ec0c9cb7bdde596b091252347f4baab8b89b6749e2d95966f8de034","boredom","Concept"
"b8a804e0abc179378d69d0195a45b8209c658d748f89e8b62011db3015a7fb3a","purposes","Concept"
"ffb6509ac2992273aad359d3876fc5079804acded145e77dc4d1e3dcfe888d5a","progression","Concept"
"c3b0bfbed19ca7394a7d5fa704042082b78e4ba501ceecf16e542214ff1abe6f","chaos","Concept"
"c0d4ce3f92dae2fff65be53039f89fa3d10a58910abe945794791d39903b830f","revolution","Concept"
"ad4c706bae8833eaa56bb4e5570a70f57f3477fb213e1b758ddcac2cd9165cf7","secrets","Concept"
"f83e630b1bff073b4d3a014031728ea702847809c31cb53161812244ecaac7d9","introspection","Concept"
"809a9fc2bef1adb39fc1f5b592c2c634f17e7daf584f376e8e04a429c83d7df5","music","Concept"
"d64d29261baece98636e37b63e6a39433cfdacaf71ad1678b1b1b2d281c76b8c","conversation","Concept"
"142257d19d68e5c426b81db4db8456293b116ac488a302a371313d5f2cb528d3","physics","Concept"
"f951d561acd080d31aae6bc5f949a6d260c2e20e3b36caca3e06eeb7f69d1d48","cut","Concept"
"9972587630cde31ab08de9176336455c95b068d61ea8a09cd8f565d150d0782a","anticipation","Concept"
"e423a2423b85764bf8a0454ab1212ec721b6f5ee7e36e7c1f04311ed19a24cad","agents","Concept"
"a54e9af3702589e2ac12b63109be4a510c274a2c5f95e639a650926d70344364","response","Concept"
"96ed80bcae9c759eadaeb971d2e61054f91973e139203e2f1f58ab4cb4ec9ed8","occupants","Concept"
"735a428b3c237b3482ff80c099c1c05dd1737b6705bcd9ade8b6e7e6e0b33b3e","ominousness","Concept"
"ee09981f75495e3c9b246c32a21e72dc68b5388bad7bac96d27e9a199fa61b0b","humanity","Concept"
"b886c9fa9efe719d355df6639f7538f6428438cb27ae9084e2e0c210b8b4e1d9","meeting","Concept"
"72e07ac7bffc5912536bd21c369a3f7ae2d29dc8f539b31e06f319b696ac40d6","power","Concept"
"9e1189dc1289ba12fc3e77ab92fbaf0a427d432f4264818c47d20cf253f67c19","tech","Concept"
"3e7d416d51de31e7c1da0d3b3b1b1c3bd8e09bd2dd4ead98e07680f068c78266","field","Concept"
"4515c10344007e126507178d0465ee13c17614a83fb1bc130ed7f13acefa7ec6","reaction","Concept"
"7e8c52da267799d4fba33e18b1de67456dec35fca1b08428ab9663ea9796b5af","hardware","Concept"
"4e6503288723ef37167a7f924f9a9d22a824fd5ec6f523dbffaeec54f6eaf829","consequence","Concept"
"5a6b0796afc25c83bbb343bd5a59cf0c10ae5c9266970975e2b5775c89fc5e38","space","Concept"
"31e26ff54b36852a089beec450d8b56bf440e9d6e7cdf7a65a0b60d154bcdf1b","clarification","Concept"
"13837da9c71a4f3658f26fc0d4854355289ce8a6268ccf0e61475f33da9037b8","passage","Concept"
"7b3f30748cc102566bd38d1ac58a9b519b8567896ead115db5d6bb760b82765d","retrieval","Concept"
"e82f6dcd792a76edcc5f940828c553bd8881d52ea0ad66244faf92ec179963a1","form","Concept"
"d8813c13f9cbb519a24e7b2d14200a98d84d354b4da398cded37e054954fa54e","decryption","Concept"
"fc140c86797baa4203e1bd75c396f5c5cdae50c96acf4e2d4a4a4fe3d10d71d0","secrecy","Concept"
"ca869d13a8f2c62f7928ce5849c603a249692182221d055f9a8427cc3b1bf8c1","compliance","Concept"
"420a4692222586c814dade90f20ca456220604582192babe72003c64835f3d80","shared moment","Concept"
"7b7a38b509935fe6e244ab34c520f4eb79e798172db2788cff2fa2b9b781f670","disturbance","Concept"
"33b09583db022cd2f8765441fecd0830334b8b6215f79adbe69dd260215966f7","occupation","Concept"
"247182cd8fbc0ce1082fd5eb8db002966a2b4a02955ff2716039f5ea1c8567e1","solution","Concept"
"3caf83328954edba3dbfa00e2fcb9e5be5647514a30b2831ec2435bcf08ea725","text","Concept"
"d6b1e2f9c2d5d5a9e0500004bc8c4f321fac2720713926bf831688df3d405f7d","turn","Concept"
"c5d9bff2f40dc42c1fd484d7e3a41ebdffbf114e881fb84596d67694804ef256","struggle","Concept"
"b6a6e87096d0e46e86ff3b158b39516884b47203b42e1c9b353497803bdfa3ef","display","Concept"
"a0db721f994e2ebab06df727d040a15860885bd259e0629f8261fb9549124e70","monotony","Concept"
"29554304da937897929573268fed03557094da164ac1e771611c5c18198bee96","exam","Concept"
"04001dffd9c7e3d6653726155361ce835e25724e1a722c87f742d805593f9fab","machine","Concept"
"013f944c8861f4be4f9278896ad43b7e4909f713bfb035b5ffb2ba46527630d9","briefing room","Concept"
"7ecc9f4775d134725c7164c919cdef524ab6ed3d65a1e08a40dceb7c14b9ff56","search","Concept"
"ab2bf0bd01dcc28648b33fb080484ec95ef423d12a1b5db3315e20921e63b465","personnel","Concept"
"7ce08964d88f37cea7f5604099566ffcb7365a9aed5f3ffddc29e24f789056bf","collaboration","Concept"
"c8eff268039601e6fc5084f3584b500fa937ab47a5a3c98c30072f44fe224af4","scientist","Concept"
"13af3020170df6d973d82a01f99bc117fc3ef335463213b767eff5aec688d8eb","drone","Concept"
"f23c77b134665aa40f0d26fe5c2226a562b788d764e4aaf3d0f64545e32a2a61","endeavors","Concept"
"aac8de1569171e163039f2efd1a6f324113afe7eac123efd4b07eca4dd8807e7","tone","Concept"
"d4152451ef2480868b28f99819f0476a9d07a7eb81bf9b7ec2b69f42093e5c31","strategy","Concept"
"c96ce5b001203d336a3c9089d5c4be0ac7e2fa047a703b51b0976fbbb2c814e3","protocol","Concept"
"5f31ea758f2b980820c267cf507d9fc54d4561599ce8eeafc34a5407491f8ee0","energy","Concept"
"5e98c603fff7882e181128779ae696049b93b259638a7e56c32c6f746cc47d95","disdain","Concept"
"ba5ea5639a01215ea674e73facc34b81e906d0dc50571c0aa51db3545774755d","momentum","Concept"
"a1061fd447ab53559b8677def169fc2b4d4b688da2385beab7c8f7f14eb68394","resistance","Concept"
"f26fd72b938f7371da60d6d775b0ce941f59a5e7979375d32dcba20904327829","confrontation","Concept"
"dd376accf4d46938bad8af0932d44d7ce93fe5e4f9a5c96f4928653e028c0012","intervene","Concept"
"19cfca50b0ee077e1a90e7f39f869a2658f515450ff03e7763b3ed78bc3e1203","perseverance","Concept"
"2326b5be265fe07d0744d9d4bb9d35741301143a504fa584a3ae638c07847f28","stare","Concept"
"7ea52b4195ce5b70a8fa360d5db67a4a62c3f418edbae6da2aeb828c98df8b5f","effect","Concept"
"2e61411a27708b7ed5d421a340f2157d0ae3770887c6a6373621e9b779ba9ac3","reprimand","Concept"
"9e7fd4069bef9f3c942cc16cef0f9025ab57c2fa11d71bbe4d29355e90f1ab0f","protagonist","Concept"
"69bb07e27736217eb267fadff891e833b2f61a59601d9c55028f884df759249b","network","Concept"
"508c67e9b207e7e919796dc6d9af7f1d38f1592447b40495c5a9e8f3eeb4e5b2","allyship","Concept"
"5e26084b84a335ba55fc72dc2551effaa8c212069ea4fa45e79bde8daa3e343c","review","Concept"
"9195388208aaf7b07d0b25be82740da2da3b1a3d419c1c56f2c457249692fae0","board","Concept"
"e0de01cd8979b2d05f18e6fef766bea7488ebcfc71092d40014df7899c3cdeba","swagger","Concept"
"56354248f797dc7922339ccfe606e13b36e405f67b65c23856f5acbd6925bcb1","worship","Concept"
"c42790233f1d0ad8477ed4ce0ef0591f429185491916a2cc0ddf2ff32d9c3313","issue","Concept"
"db988a97d4be4590d10329f931fe2d28d54679b9e09e0d75318b8c8368e6ed13","rivalry","Concept"
"795ff015269346fa1ffaa3ca21c82cd76d9fecc0e465758f9e49e66f50228046","pulse","Concept"
"e6588bb4e37f791997ee53b287d8932bad4eed12dd7a82ae4594e341b92c6143","employees","Concept"
"9b53cd635e1aeef1750dce5243640fab1cb89e877620ab4f986d732bb49c7086","future","Concept"
"7301badb93d9b543fcf3d03edc74488206bcf0b75415df8e94f373a2e9c6b84b","technology","Concept"
"6cffce8e22f4f081365768ceb83c6e0adfa99a243a0343f2dc51140e152139d6","group","Concept"
"fde5d48098073b9435a3c58a43d7b09cd7a9aeb5a860d345a252e20b9dab25dc","dilemma","Concept"
"8659a23f920604fb2a0a388c457d0bf782de196cb9b75bb924c41458eb017e29","romance","Concept"
"e3931123e482587523d2e4a04de0ed2883456754673603086c5badd67823e013","arrival","Concept"
"351f4c4ee5c6fd4e71f6402905945278391390af807691f390bd3ce1a33c31e1","value","Concept"
"3b2fa1ab5c051d383fbf3bd77ee3025a6ec480c75c364c138888c3c43ebc7a14","tie","Concept"
"e7eadb44bb18b3218b1839a62e6a099b564f134a9c276ba1f9c9c3ff1c3c28d0","levity","Concept"
"b7836a9c3211ec106443c12582195e32e4b5eda792249c5621c0d3945ce7373b","peculiarity","Concept"
"cef1de1836968100e17fe1cf9acfe25aee9f7cd3aca55a9d7b72f1e66bcfcba9","subtlety","Concept"
"ff9084138ea24ee0ff0fb3760e1603dc2503ac85f837f5e93e36f53646ac597d","abduction","Concept"
"e9b52e83a2497e9656a7b6030ddf5175d54c4f991cacebd04f074ae42e103c3e","person","Concept"
"ba44f46e25bf5350dc20b7832a44dc8273e74d6bca4a0047ec60944d6c70f823","occurrence","Concept"
"bbb1aff64bffb9d6dc177cb3e9a5999e03c87da67e39507cf770a837a280df8a","procession","Concept"
"1e4bc7d43e799a86cbc2ee4128c5c2c2797664d4d76def6bbb4ea390f70597cf","assistance","Concept"
"4f77c0ded16bc6db43bedf0f11e59c2dcd5cedfc3d8b29b85c5a1fe618a01934","threat","Concept"
"de7caeebd9e5cef572bcde4a7dc7fb589307c9321d29f0df093732ac47b52685","human","Concept"
"3543f07329738b481d8f88bccf41ccdb1bc967540fed6262056f9661329abad8","vocabulary","Concept"
"a9d4f5651eaa396de952d651a74fb61bcb2cb941f774da6bab13ef49fa0f4848","openings","Concept"
"668eac6c62750030afe4e4f08dfb37e5f42dd19c4473a4bef767fe6c16008ea4","gravity","Concept"
"0500c4cc356135aad76eba6a039d9c11a2101ccaeca6a9b64d564d5e9355ae32","awakening","Concept"
"621ee2b5bbbc637ab2f8ca8df18b9ed137854bf9a4ee75f505fc274c6562f4c0","reboot","Concept"
"c413b8cc4a04cc9e6510093b1eb5bf758db655cc85336d44ed4984a406439037","market","Concept"
"ae6c32d161301e9369fe47e1fde3b6dfb5616e2197bc99a8494d179853efc052","vigilance","Concept"
"530a7c484d415d389b647acc3050145eca4dd0808b9204238f3ce43c975d4f43","transformation","Concept"
"7f6585fb66e33fb58ad2b7afc2e9922ba0fcf181dc2b83cbb109d61026ec5b14","mask","Concept"
"7ab8454f7f0bddc71e150376bb2b90f202c32596d1aafd5e63bbfdf44adea7db","eyes","Concept"
"84da57f6d81c730260ab3782f12d5c2e0a6e50ee94cd1d9ed81d0e1c0d1d0399","reasoning","Concept"
"1964c6d2f8d8a4a4bd8cc02a0b905b878abc6c0506e6c357ee9a345369d06b85","beat","Concept"
"20d54f078b222dad624826b7dac4b7365647f126665e802e45d5eb3ef9c5496e","mind","Concept"
"abd6842088db96d17a1c3dbd94d110198cdc0304f89b9e3040fc60b86ae35318","deliberation","Concept"
"98b17dc7493e7b8cd7e663edf3a94470eb798ddfd05c7184f7cf3c16de3d0b96","residents","Concept"
"e51617c4d937303ef7f6aad5f7b68f03d747067536207cc7eb2b3ded47ccfb71","event","Concept"
"c6d36126706cdaa1d6a843c55d10a83ab6def550c4600346fc8858f0bdbdf5ab","praise","Concept"
"d73fd66bda16ba41420bc0f8ddaf3ee7435829fe8d2fdf16497c67c2e25e9a02","closeness","Concept"
"623c11b1f9e8a647b7646c850ca3231076ee7eacd60314dd34fc76c07c26d830","vibration","Concept"
"27c4eb2fd438629cb4466232acf7313c9901e5f24bdee54a3122db70449b08d1","enigma","Concept"
"9331b82186b0aa013703cd67672a8c1ea5960824495716518da742dff8003167","briefing","Concept"
"8039f16f7257ac6c167284a5d89ef492f648881003514dcb1ac1894a2b681240","odyssey","Concept"
"d5165c978cf654c9d321f7dc0df81b048b0bd705abc06c58ee36de7eabf24b22","talent","Concept"
"9df91f03ce6db4fb655eb6f42c92291713a62f64dee307690f8ef125b85a4af4","calm","Concept"
"f635544da51b04ae146ef53ca1668ea3837f0a28d72a4680896f97159362b375","effort","Concept"
"fe8dbc518886f43d0e7af73559c51d9bc7ffb7de334a8e3a1c7e95f639f08272","attribute","Concept"
"a8bcfb81448e99a5fb316b723a63ede4ee301a34e71b1474836fc69b2b838d4c","room","Concept"
"6ee9463c187ac2939e27f0b17eba123c475fb59b11c7b0a12e6e1afec3dc7b70","sudden","Concept"
"a8926dc4328254c840f3ee0f09159c0dc1ca3061ddea80d65ffb16c5ec460ba2","guideline","Concept"
"c81b38ec139ef801ed71d7ae899bf947de8fbf40d439afc43a45b67ff88c1444","limit","Concept"
"4954f9973ed1b670e1e4c544969e0510bd322dae39071162e9bce2023fb08738","stealth","Concept"
"224c540118f34355550f8ce2f41be6cae5bfff0a6ff61429e7ec994886641a27","deployment","Concept"
"476b2cd8c4e84c9ae2d35bcdce930f0bb5e822130e06dba2dc1252025f91419b","stakes","Concept"
"eff08b641e2487622ad168f1777f99e5251111877768db204c5ef4705e2c64b3","mission","Concept"
"e17cacb5d99ee9979068f9ca427d33bfe85901776c73eef5143ea38689c2ed54","puzzle","Concept"
"2b5d617c052952c9e781138162d7d60dfa05b92d5665ee1cb97a5cd2a7262993","suspicion","Concept"
"c9c5da3df7fa2d9fb20f5c74aa49b9c5b3af78f0a2b8b175f1c5d00b07791df0","worth","Concept"
"6903cd4a7706af5995bf8b83d8aed731fdc016028671fd6eeec74c9a36f02b6f","sincerity","Concept"
"47fc63a4daac3bc7616cc35bc727d5d6125359367468616bf472903a8ff9a1c5","support","Concept"
"c38a399221dae7f44b88c8db5ea0c794e9ca6d87bd726fbc39590d24c85c802b","laughter","Concept"
"b4530e34850963c303114d0201ae1cc893b9e78ada8f93e78c852e535869ec56","facility","Concept"
"363ef112c4fb431c8321024509193ec6cc5b833a833dbdad38b6287369309123","curiosity","Concept"
"98f7e16300addabdcb265c096b7ba67f8719d79aaaec890ec035e3cb597d258b","firearm","Concept"
"d120eda9be7f0b27fe14e31d23005ba6e1e3d33fa1fb0b513935070475a541d7","alert","Concept"
"7c5c853e624dfa20a410752b136d87fa897f454feaec9102aef9be587dc9a205","nuance","Concept"
"d35d4cb37c169b8145c6896d62577bed2faefb12f44bbb26aa9c5550a1de1f72","rules","Concept"
"93e8f6cf1afb3b83bbad90833a3bc8cc78df1aa321f73ae41390cdef56bc9ff4","eviction notice","Concept"
"2c238bb68aa3a970e5d29be3abbd2e9ae4e69acccb835549b324d9c3642e5f4e","hacking","Concept"
"0d5851dbf0a89cd1631b30ed1cbae2c4f33a4c3c45cd349092e00310d8883fc2","greeting","Concept"
"01f174e796e65c136b3bc3ed2d253a19a70fe9717210383e676fdea03cea229f","sci-fi","Concept"
"f64bd24d1a6172d946f65695c9e97fbe8896b7d24e4b8d4695e10b4787ea3b2b","mystery","Concept"
"d580491c2fb426db394be42a74a07aef82baf4aea014366c5445aa0ff33f68c9","compromise","Concept"
"a439f0604b3d6210947fff88eb88c6ff555c9f8d283f61ece5e12b0ea6f71973","ambiguity","Concept"
"53e3ad797fe675cd78d05226900f793efab95edd39002cd1c8f0d2e8fddf4839","responsibility","Concept"
"ab8575e45fd412ce3ff5fea0debfc05dc4561203e002506c0b605f2cfdaad2c0","design","Concept"
"de5950f4c1866e4e629761fc395bbbd9867dc49b49ba19dfafedef5e18a25ec5","debris","Concept"
"666d0089e290ccd80d63f1ca393d8d527dd8d46747aeaf438a418247680d0100","unfolding","Concept"
"895089b308ed72472b259f038a57eb460db301730b9da4eec789b394944b8a2b","name","Concept"
"c48bd420b9995c0be71f62c4103ffed768009e62ccd44f2f7dbe279a5e6d99c8","determination","Concept"
"37bc72b91681d1b30a0dcfe2794bc5e6ab39d879680c674d3ad3fd8ff4783509","affirmation","Concept"
"acd2a4a2ebb2622c9338a70f7d477b3f8b1a35b2aa9b67eea8a54a334b25355a","duty","Concept"
"ef77abde090bd941cc602431b28ac550fad255599863afdb9b690fc4f9f2c5ae","characteristics","Concept"
"ae74d5377b8c96af5155a88f505f7866e96dc9e4e01482343023141acba0228b","empathy","Concept"
"3483b1feb5217804cb4eacf11c4ab66da9f8e1f8710aa5c8444a6a942af3f6f1","directive","Concept"
"6eb43112a85b313a09eba438017522aeea6759144c62000481b34a1405ce9901","signal","Concept"
"5f0d0d772b213a5d0e46cc2306bb78577e34a3d693e38c6edec2e32027ec8b0b","assumption","Concept"
"e7c2736e05597ddcf3a742a0fa8e25e9ec56ae5307034698bf08c09dbecb87f8","athlete","Concept"
"764e6c48c1a80cad8207b194f166e5447d0ee84b749549fa0ef8c88d01577ebb","manipulation","Concept"
"6be20b532e93b2b6974bfe903f170b6dc9cd6773f19a95f4b5641573bd1735a7","lift","Concept"
"298083e330b2374bf33201c732954dadb33f717c2caacf744fa3021576dfec5c","aliens","Concept"
"2f3ac17032131abdaff4884f1df3acf311720a1d4ac4562247e2954de1f231c6","vulnerability","Concept"
"c334196a517ccbc513f2c4cb640136552160f9710bfde8c5ab8cb933bc2b3edf","intercept","Concept"
"386e9119bf06cebea03fbcd7f6aba7ed775b0d7c34d3d0c6751d2120eadb5728","reasons","Concept"
"1e1e4b2268f3ea2d9229a6ff5167e466092e11d380cfca2b06a301f24e5d0bc7","goal","Concept"
"ef8e1e877269d1c9e3357c1e5787c50777eeadafe0d4c23fad8ff889ffd31d8c","intrigue","Concept"
"0ee5192cb2644cb6c4ce0a98ed1b96ecc0090ef4b6ff6f2082f010a7c57adc1e","focus","Concept"
"6493f8d39192082fa9d3f96dbf5e0d79612c09d7f20261109baf9e34eec08c0d","location","Concept"
"69f8174664be1f9577c0238b2932f128fbf6e0909bc945c5b8dc8ad8bfb85e2b","negotiation","Concept"
"bf0bd81d041c39fa5e3dac78cd870e2c76f9e47c825eb1fd4b2d80794cf1e094","character","Concept"
"70c35a12e1ee02861220390a65d4ea189af94d0c9f260373bab5bb87f8b8963d","team","Concept"
"e67565043e9d9ff4aa8563f81a3e34cd1b825fa45883d536ec70ffa26aa5bd2a","invitation","Concept"
"1ffc9843e66ffa33e52516df89ef6077e917e5cc4a02bccd386d06722176bfc2","dispute","Concept"
"b69e400ffccc63cdb591adc168bb4cc023d97af0fdef61344f80d852578cd156","joking","Concept"
"3e804b42c06bc8ad22095933e721c07747be8ed6d3f3d80160ca4d304b0e27b1","farewell","Concept"
"a32fe3d9f7471a29f9b1a8f0f72c77c874508e4681a4b7eef616a24758c7d010","storage","Concept"
"3c9d9fb7da198c80bb988254aa890efd98868aea2bddce2e6745b217908ee5b5","attention","Concept"
"b97116de06d9e49dd6b6b3cbe6501b9b723abeb9770acc30eb38e31c3f6370d2","fidgeting","Concept"
"81b0d7dad2aa7b959555fb29b3ca596c3a7b4b917ed020ba86bbb13b425493d0","movement","Concept"
"a37422a91d709153c6bac070755a6336373e862785704be07017ab54b699694c","exit","Concept"
"046cc003f1d119a1eb32ae2577fab493540dceb36a62616e857344b2a5d5c466","disagreement","Concept"
"5e5ea94c403f61b65637d03e9f9c9e9ef4a7f4b4991382d514b3732bebe16495","admission","Concept"
"3d652d06737adbda621be8c29a3836a4a7506ffd8328d99d3c992af54d9a516f","machinery","Concept"
"ec9f817116feb1beb2c86ad8c77c0bcd11f1cafdbc9d474aa36724a55618b30f","features","Concept"
"8f0a4ce25aa7e4d0cae1db4fb02ee14f93b5f982cc028d2f020819e8ff95eac1","announcement","Concept"
"12ef9ec6cb6c804c08749c70ba7f60622bdf4bddf4d32d529e3dff29ebc00f4c","self","Concept"
"d1726146484d9c07aac1bbca034130219c5c35567b972340491f2ba94a9a3ab7","state","Concept"
"b0ebcc79527cd9cdf1ab50aaa552a1d30d3a1b151134c90dfb0d988e3e3dc514","leadership","Concept"
"fa77e4377125002bef8c1e8265f0e96a12e757b975479712254bad20d298480c","react","Concept"
"a72e4d00ddb09d79dae02e93ae3016ddd79dfb5ec4dc5ea8b20db0e5a5eab30e","instinct","Concept"
"1aa70037b514a74004bab904736171a73d8f311e86e55c52e86fbddf001371db","organization","Concept"
"2e28cbf0bf5284f6ea6d7022abface416fe263893fffc79833be5879ad18e367","meaning","Concept"
"12786b5e538ab853e70ff78bd659b90c36db7bdbfa818344535e30c4093e90cf","mechanism","Concept"
"59cab8394c96ddf8ee25d8e12062ad669387fbce9a01873e85fc8beb09c33318","painter","Concept"
"d6925222f14ef4bfe3a60faa0e9344279cc58c9b56b383e4afe48e66bdded477","scolding","Concept"
"9649d06d8937eef6b219b18e90fccce2bc92a2adc1193d56589367babb307e76","hovering","Concept"
"a4e4dfcf4a29d7d11455507cc02be95ad2a29bbca8b697697e8fa91642b63ac5","dominance","Concept"
"d784ce8a8619c19de40eba9f51ab637a37d2afae38e2ba305fe609df2a76de43","exhalation","Concept"
"330bb475a676b6b19bb7afd57b91fc89e54640dcd2cd41aa84807dd4cbcb2ac1","organs","Concept"
"c6e545ee3b0db96732d419b72af00144bec22f0cceacf7e852915d313f8e766a","obligation","Concept"
"8e12320f7c966d61f636ab4929d5083cc710001d4820bcb6a2d28d54c25976cf","electronic","Concept"
"4fed986bbc07ade3fe45ffe650746c5db193e6ca6c403e93323a70e6adad6f88","uncovering","Concept"
"9929f7988589c5a63a36991281ad112e9a2764c462ccbc13f3ed9346f095fc1c","union","Concept"
"6c4d9ddca2e56fa61ab2104aacfb1c0f78bbc626d67826e8a9ab05ea1dfd8f15","hero","Concept"
"4ea35e541a12ffe493f1cd2c957eb4d2f2fd5a1413cf6c1c2ecab8609ea29bec","surface","Concept"
"2f677bf143d6105493321c8fb3b7eef55565dfb44540526f21ab2a3389d2c7b9","descent","Concept"
"a7939a32c9edde313f62abb5af2cd32a25bd66df27ca3c8a3780cd2c947d8816","trait","Concept"
"6a66610ba17965951035aae269f5979bdf38ba2bfe944e88807aa0782e072309","solemnity","Concept"
"2fe352f852c0726f11abb5afc7a03fc407d239f1eed07a691e86c48a8ba2e4fd","appliances","Concept"
"3e28517636a91bcde99ff30bc08914868e2543ce9c471d11c84193001b3e37a2","tension","Concept"
"1c395645342479efd717315a635c03fc980417d30fcec3385ea3d05e82780d94","revelation","Concept"
"e2d8bbd70c4193f4d9f3dc696c037ee93ba134f10051f5e6553e262b54785871","weight","Concept"
"742383aeee49e8f8eee5045640dab76a8726a29b3440f255727122fe6500c558","walk","Concept"
"9bdbe559028be8c960dd8a646590f64cbb4dd82d9731d17b739e791b9577a7e1","entry","Concept"
"eda2ca675a1127f924e6778d5c4cc431a0e9af776aa061eb0801b8d4cda973ca","allure","Concept"
"da2edb693a14f00765a8314b14f8b24f1baf9d9d6b1a1520cb3ecdf0bcb360bb","doctor","Concept"
"e158bf83c753769b288d5c71280081dfa8b43309e523cb98c130952cd786508c","dishonesty","Concept"
"ed1525e4643634690facec469661927dfa2369d5957716107406cef72c676da0","task","Concept"
"820163bf3d059c921d68b520710af37c17cdc9ada7e359f0c978346817ee39e1","pawn","Concept"
"09adc04317c20f2d0d98a425490a0dba0f7cda4bd41fb1d0d37b926a4f7859a6","entering","Concept"
"34d30541dc320f14e2524d75ecdf35576b1c4830fd45743e089917eb59194c06","phenomenon","Concept"
"2bad505c3fbb8cbb85ecc6cfcea50bdbd39ca620921925211cfd98ec2ae8ee21","sound","Concept"
"c616944b3dc8753e1684f3533ffd559fbd994a171f3e41d3693a12841c9a7fb3","frustration","Concept"
"534b4d2518227e012da93b04b74d74c4bb437a1f842c4557ccdba735cf2a089d","initiative","Concept"
"3c3a565ee74770aee9605f34bd8e8ce7f3bdce6e2e611da75f4417d68a2bacdc","access","Concept"
"2a5b5342de8fc1a1c26128b8dec1dde96e9af654a31a8954940648350c2edaef","shock","Concept"
"be39f7a3d4382de6ed02a5ecd2a3689900dd4f642ae0713fdc17857d652d8a04","concealment","Concept"
"76a345f8470c2f015fa1a30a5976a1871c0e5732c652a3183589eec6b905e063","confirmation","Concept"
"2d91fa25312eed7b720bd4e49fa76a9bd7d7e2a5c7ceac381452e746091d8434","readiness","Concept"
"5cb78566064c83a4e40f8ccb243dceb5c20e054ce53125f18e69448eda56927d","thrill","Concept"
"5cfab9cba1e7a4611b76a72b6e3fa78689d52ba203dcfc6c8abff4ee6575bea4","illusion","Concept"
"71ab03e27fdd7f45b37f1573970845c437f2fcf4f8ca887350b27a9dc62fd5eb","rooms","Concept"
"fc7fdeb092a44540c7af8d29fd7cf77c2cedd25a64ee4a00e2c34c43a63c7cfa","aid","Concept"
"4a9c454056c6c4ce99da97753aa330e268c1a422f66f710ec6461eb6340fc96a","workers","Concept"
"d8c4b048c112f84ac7bae8845cc8d48a812cc74203ce4147c4f7e8229bd52572","probing","Concept"
"e4bec37a741c5ac34f34394f74aee5d89736aacfdf59e53935fc46300dcb9915","passion","Concept"
"6064824b27e18b6afa5ab9e1899cf09ae7feb6d42d026394e238a76fb7fe58f4","detectors","Concept"
"0fe1bc07aa84664e7f5aee2914210aa0b0202221318e76e6017bc825554c7cd6","anxiety","Concept"
"33851bdc4608da7542753e9edf1dc2e95d670ff864e26a1f3353279b2b0ef8c5","progress","Concept"
"7c4c46234a0794aeed7858a77e90b3648eff198437306f5b730de42606a45e7e","individual","Concept"
"622ee7edbd215f360ede2f86175e98732bbc7a01e3f6c5ebc643c1de0819e7da","assignment","Concept"
"50b797d0f544bbd655456854362e8e920c72e2359fa03c1005efee9cbe7702c4","check","Concept"
"b5966069b27cad9bf04364c046103bce525d0a82ad956dc3d7db6f2020784e02","uncertainty","Concept"
"0e7667ad119771747bce7be3112e8594191f5bfe05b46591608df87217ce0aa2","flame","Concept"
"9b2e55109c7cce58059b10407358f5506fd22160f1b18b7111b32782250a0c8d","weapon","Concept"
"f510bf4f4b3fe9fcc4a1208a8ad5252d1fb71decf7ae49be9a907eb634935631","halls","Concept"
"3d7763a5c73b954b5545db1b8553e2ed2adbbd9d264e831a2303eb820b2294c7","pause","Concept"
"ee8da17168019a0b5d6c4685200cc8b78dfc6abb89d7a1e11c1a148dc2b3ad4b","interior","Concept"
"7914f1831f5e6b3313777d035d2e0a6c0c3b1bb55558ec423b1de8591a433ed2","strength","Concept"
"2ed2130cbcbfcdf9b398bbd4f6b677e27bfd3ce58a0a964a9d66a727006e6465","gait","Concept"
"38d1d6e6ac7e241e7a8aa4f1f8bbba23a27828f0de175a7d637ef72d175abda8","relation","Concept"
"bea0847ae04c841b4db4aa877fc84c9fd4a1ec2effe644f44e32ac8e542f9b2b","consensus","Concept"
"0899c2833b14d232503a9b3e2e58fca34a5e3bae77cbbb420a99cd2e23163d0f","interaction","Concept"
"bd0f52951435bd0f4d985c53845ae9546de46e31b0e26f01d5c459b31920ea30","dwellers","Concept"
"b1cdfbb22902daad6a61fcd51ed8dbbfb4d494bd16da2d4ebba614ffc6831754","position","Concept"
"34f5ed8070d8e9dde1698898fe92ffd205e7f65485f6170f20769b9d1305ed9f","promise","Concept"
"0835866c22f802972780841b99ae97cb25328ca3f9febce32cca88387bbdb815","initiation","Concept"
"83f3b05659b1f63a829ec68723e78bd9c61183d6391bae93fda47041806f0c87","communication","Concept"
"8f51175189a109a9af713e16e28bdc848ff409ebd8ff56349b2ebf09a4652ec2","cosmos","Concept"
"beda04024a3a5e519e47df1507b2b428fc9a2f384da1146d772bb9a944deffc8","danger","Concept"
"9a99d4ffe98d67ba6a2636d968ed60ba43fabf6c30e65ad7e836eb1be4739502","burden","Concept"
"a8f7b9556fe65e8c642fb8c8880175e457f8c8be9d8e7510997246be43a47fee","center","Concept"
"75cfc9ba1a2f4c7b416054bbbb9278ccbf526292e88b3f28e288941731dd6c00","opening","Concept"
"39ea8aec606d13105329cfe1b8bbe0f0a7520160c7c63cbd371fce3276599b67","figure","Concept"
"22b86cfd673aec38f6d107e92d5018b5bb549c525f28f778b4827f8cc1118bac","self-esteem","Concept"
"2436e413e4e4db21e460b953ffcecc362231de8ad5b682f72408709dd274a316","pronoun","Concept"
"1793a338d883c3174628bda41de1c40a8956e795406ae9749865b818f1b40784","operation","Concept"
"5d7e99e68657c0002bdeaf576ed4366c223415fca423b6073397d3a84982f721","triumph","Concept"
"e4998139b14e4728487b5b83bbeb0071e44248bdcf6b2d4e2bac3d05afc33b5f","challenge","Concept"
"b79e3e1e87ecf1a9c181d35d8fbc41207de4f7bcf09f96c0492b5249a6a281c4","coordination","Concept"
"df05f0993702e3f457eb02f9c6dd6a1f43a29f6910efed93022eecd7d305a4c2","risk","Concept"
"389ee39f88f6a79e2ec050d283006b3c859c3699216b6e292a6c59e0fd205819","word","Concept"
"66393ad298dac656d94f2159c77e3f357448345f77f7650864f58558e0582934","capture","Concept"
"c805b65b9ee60282b4a6a5c61abf1f96bca0826a0c147bab0b524ed18dd6610c","deception","Concept"
"86035cb539eb9972dae33c860941c8427a27647500cce88549e2b5577e6a90a6","squad","Concept"
"dd11ba129c8cdbbe2b065428054812d7571132f1cba478e269de1b55ccada027","packing","Concept"
"9b6d60d56db5adb00fdb59423c7f7134623d6643938d2854bd565cb2aafe7e5a","trade","Concept"
"afc966bbd314f58122b465226369e56f514cea4f4e41fe4ac8bf9c1546285cc6","faith","Concept"
"0dd339c74ee63a7e47d4dbee2e35ae401f37ed4bfbeb7d5b3cdbe76dbe4ab9a3","remains","Concept"
"5faa415e423d0f5a9c3193d9bd58f4a99fdc3f649aa401983207c91e053d546c","halt","Concept"
"279708d8f6facb935aeea1c67fb0d7fe63c41ccfedd7fa4905365b2d09813590","permission","Concept"
"6e10a7984068b59cd3c782a0dddb7b75d8dec8420ce486a74a51f08c6d6d1165","unease","Concept"
"a9e29469d4bec0991ebdcde7f35ed052ee7860b8849dc7065855cc67e2e8ce2f","answer","Concept"
"f21b8bf7cbf142db5b83af45dec58cdc7c3f3b17d5ef30c33b39cb3f7c931be3","information","Concept"
"cb55d0df6b735ef61b097678f6bd73019504c58749267e7ed9ad280116765c68","recognition","Concept"
"9d83279a57521b2ca0f6c97965986a3614763fd93505c70ca7ebda720b01df58","breach","Concept"
"7d2aac8fb72cd51a5596c3adebec0225d54d0e887115d0634240e0123ed41b54","command","Concept"
"79e5686c6a5a7090de1b6da71c860d8a5de33e5375d9bc36ac11326343746b01","boundary","Concept"
"57e8f8add07fb59793a4c487d409ca15f83ba8cfc3b652fe9c2d96e659821d82","surveillance","Concept"
"4f66e9989a536412978c1ac7f402b22bc87c717969aa896f23713be93024762a","action","Concept"
"da5b66ffd5e1d9f9762d2e820b5ae63d8ed1c7e9cb3ba03286137ad06968cc34","help","Concept"
"24047ed1e58a36e6a9923bebf337948654dd4e84571235c6fefd8f6908d44303","nostalgia","Concept"
"ee5d79982615eff6e54e12a0562f0cf995c8ab46da805f5e66cb96f5000552df","force","Concept"
"94bc1e19345916d7d9206b46625771e957699f52c12358f19cb4612b60f38b16","language","Concept"
"2c12fbab9b9d0e542245e58c33e202869c73c6567b3c24d5e06344aa1e3c874e","eviction","Concept"
"a8e5580471907faadcaa0ae342f713f9198f2d15bbc5179bf3b2c2cd3d4e75c5","researcher","Concept"
"7f870acb9984685aeeecf10abb8ad7fd8f58cd72e316293ffce7eea91f213f94","part","Concept"
"9e2653be88b1ff0f222242eff218f53e40a75a9a0119cb248891398e34212ed9","mood","Concept"
"1720c572677bb8910fd8efb01f23b2d519415f8c851ac48399a85e7debe9f4a4","presence","Concept"
"84022b08b5bb642b185741adb58e9ab39458a1ffdc5c1d558060b81beeb316d2","interrupt","Concept"
"bae753a176c2857d369ffbcbf11fc2ffb3bb785ec0bdf556329aaae860cb259a","project","Concept"
"8c649ce734a37406f3ec1b88db2ee395aeca347663b5e2d266fef4322b7136a0","freeze","Concept"
"dc116491228b761483c3f68539b0aa3289fcff27edf90ae7eb8d2096a388cd61","gamble","Concept"
"13589707138a00dc01630cb965b942b9de5952e0987a2f0d82757225842ae1a6","obsession","Concept"
"9dba72ec51c28bfefb94c1ccb0620cd653ae5aa2d181a4d4228c909befba98ff","declaration","Concept"
"0f28bce201276df69b36f128fafd964b8938337ee763094984b2f212fa0675a4","desire","Concept"
"4324e615d74145e71d1e65a30448189e67e6f08fce9186db55ded7c2a459c122","speed","Concept"
"3f9fa84decab22650bf240db5c98969e7e5a2150decff0002424d4aa1d63b509","inspection","Concept"
"c41d6b9fba022362753b3da161096369d27df92aa370a692bc98f91aed129ecf","sanctuary","Concept"
"669d90b460bff7bfd716f24832d8801a157f7f01f39c5a5295b39de1d12066b4","good luck","Concept"
"ac26a41c9b38263b2b622a9d14c8cb15669852cd6717b4abd8043100a4b5096c","synchronized","Concept"
"969cb8f1956108779767b8dca0652aa6f35debf0dbdb085245b3a7e038477aac","creatures","Concept"
"61496a684b796421d733144d773ac0197a7c1a5fffed9976bc60fd62021b1c1f","sign","Concept"
"768ab7392dcb93f3bf0c10cd04763b18ffe6af5a12c7c015b142d3fcd4d8a52c","asylum","Concept"
"8f21de71020a5a2de77e00acdf5bfaeac75b217514ccfd7eacecf258e347d74b","insight","Concept"
"8a09189261437077689eaf9bc1fa705f61d241c854bf6e623932b41548363729","acknowledgment","Concept"
"6a279d0082e2d80161dc181c86422d532b685e29a8dfadbe42d9beae77d5d13f","body","Concept"
"bd01ba6c5051c2d6ca5a6ea1c933c1d25f185ce292684536999ab2488e4f3b43","serenity","Concept"
"5540104c5b644e7a63e3b5ff79027ab21c2c1da16189405b0a49b1a1c8dc4211","spot","Concept"
"4fc8bf72922196f2855d824abe268ff18a129be4b5a201dbe6088d7da835d978","elite gathering","Concept"
"0dacf7e78a765565d777181536e5275cac39434e6072f0a9265c4cc4a6cde057","structure","Concept"
"676436eca3db62e6e3449712f629c0ca810d18adc2a8ad09e1498a89954971f0","place","Concept"
"a1d8577c62823e4eeff1e32c8e1728eec5cfbe81526fd78e053eb9f2cb4f74e9","component","Concept"
"21b88672d15b90c3816713c6828cf7320e04e11d7301057f4ede96ce45e66c59","reunion","Concept"
"cf1fca71aa858328e522933b0c1648cc22ce7e0c94b6ef37a1e531c2b26ca20a","growth","Concept"
"ecd4a5995bbbe3fe57891602886d206bcb08887367ca340f9f2843fdf5ef127a","monitoring","Concept"
"f85411b1625d608f31a81ed83a330cde1efd916cdc236b89ab977049de327bc2","sentiment","Concept"
"26f90357760e61cc02323c7013060bb2a4bb6d65f1fd7f230ed39a3ab8ac17f5","interruption","Concept"
"1189f9551c45f80f53b03c7780ed39a65acba5a4fd42658e5a47a63f84eff5ae","intimacy","Concept"
"c523dca97ce5154485bd232d2d59bee75092753a7915f54c45159710441a263b","papers","Concept"
"568ea14ae687e5d87d611f22714ba8a32e8e6444d5f58ef0810924adcf9621fb","feelings","Concept"
"2a50241214f3f33eb243dc203b3eb65880f934de3615bf0370b1636ec97939cc","plan","Concept"
"7bbe9da64eafe9e1e9b9350fdcb7004887e2c80474fd03aa1468b1103e8424f7","tool","Concept"
"f85b5d9a35c23892a7ca45cdff353baf28a7d97cae3a57dc8473786a76f83a5a","system","Concept"
"31e7c79a72f0564379911289faced85d87285fffcfe563f34cba95a10857812f","corridors","Concept"
"620b0ec461ae5bbd37d88b5dcbbc6fb046bebada19c78063ef128651468225c2","loop","Concept"
"9bf1f527fe960098c3c6f1fb0859109e3c1ad1bf9ec0b5b6a49396949ea09f3b","encounter","Concept"
"b29ad4158808e1884df7a7939659f9cff790595424f51dac5797d7c1f0382b1a","restraint","Concept"
"16a5fba2ec4a6a65b6a1f4f0cc2f2378ac7ac655dcaebb93959607724dc7b3e6","goals","Concept"
"9c89d05362caec670a2389639ba6f1e266714b652b4120e40c079880b0edd870","fate","Concept"
"9bca17cee879723b4bdb0c30d942233551f685246bf7ba4be9d441ed33f0fa86","gaze","Concept"
"2e92730309058b38301ab32fc5e8d7909542b31deef61ecdae8722562a2d8437","observation","Concept"
"0cb79563d7f17c41d990aac1d748bd5c3756a206ce65baf59387e46c43095204","cosmic","Concept"
"8bfb4b34333c2780c8dc4135d7d4f7117eddde6676dbefbf0276fa413dc614b1","assertion","Concept"
"1f57baf5ce0bff69879085286287421c50ff2e15accfae0737bdf2ea7e5c1084","departure","Concept"
"113732d93c74d57ef4faa78449e526c991965d2eb67e292c700b4af4b08db6aa","tools","Concept"
"fc3612668201958476ac85b8e43260e94b062392b7336f388e2759d5a29e4735","chill","Concept"
"846a32b3f56e5ef013d767afab679389133536cba66299ed99bc3318fdf8fa39","records","Concept"
"3d2ed4041a1ad81a588fdafadf7ddfe5eb77249fee514eac65db83418fd5e384","warning","Concept"
"05f3338a7f1f7465a60108e64bdd5ce9871d9db432a49746410aea3c28b5f120","stress","Concept"
"50b99965b8122bfde371eb5f9223be2ef6fdf32bf83132cd0ffb3e2de16e3c0c","disguise","Concept"
"066d3b2a2e10101e0caf6e03c6fda98f21f68fb0787b0c59cc2d33fddb4d02f7","hesitation","Concept"
"117445d535fba768094091aa34514304f539f5927c3e275e5bfbeaf0ea79111c","quality","Concept"
"ecfa1c94efc3a5bfcdce864961d0e0091d09c814772ed0d2c54261888cce7e6d","characters","Concept"
"cfa55ea8a816183be35e3d42127f65e2dc92e286bd0cfd6f0ac7807e722d993a","remembrance","Concept"
"4fe34f3aabcdf34a498b067215736ca86a9e230ab34b2ced2f2ead908ceb9699","connection","Concept"
"dda9b43a285818f9c2e1863cda6a8dcdee0599b076a23253d84ce3e79f34af31","exploration","Concept"
"50aed34769ffe2ae5d4e61c8dde7edd76c758ef83f0f23aa0a4f89df385ac571","standing","Concept"
"84a1babbea34b160aa021e16c2eb74c255e5473a310db893519611ce07d025f1","military","Concept"
"461a6598070f34c71f6e4863c08f5f85badddf99470e51c7c77bb3a800365320","teasing","Concept"
"3eaf10818573b84215ab361f2cd6118b7b05d3dbacd037374703f33b67c52c0c","corridor","Concept"
"e402f8fd8a9c765a8510d485a2a7e1ed0b586f5236644fec4a818670af623552","emotions","Concept"
"9ba06fbd0426191cab68526633f77bc83057a602567d4b7c13fa15c631d3518e","attraction","Concept"
"32add979aa28525f8fa0425043860f348a7d3ae3aa3fc251ba17932db7b40171","war","Concept"
"a663f7f09af96810fdb189eb5fe63c57159ce6c26d578ec294a7ec96b19579e0","thinking","Concept"
"b3aff3f2672aff1b6a71075a676a18b29d3516279b98148cad545121022adab6","conceal","Concept"
"8c49988aaa724df23d001f784d0c7a69a56757860b6faf59b973d362f5c7a8ec","gear","Concept"
"9bdf3aef31fa763cab5f15c2e4ee146fae1a6c6badc0c7482eca6958b0d491f6","consciousness","Concept"
"f4e5f1ba318855fd1d241f76e9820a36a19c574ed33603c7500b4b8d46a1eb41","bond","Concept"
"99f9e8ada21b5e2e325517ecfa399980cfc3102ad529fd763f65a3ac4810e052","teamwork","Concept"
"df86dd12c248730beb6ad5375192e4ad4051c276e53edd57dc51bcb62a53e018","ordeal","Concept"
"883a98857de6fe4edcff814edeaf3d239ee1a92c5401916544edf500d61c5473","idea","Concept"
"331f4f8678b9d56aaba4f1c455616f88c88060d7e87e0b6149419a869c7f49e1","tinkering","Concept"
"94571731bb93af7cd711ee2246c1bd3803b883d6d842f28c42712a1a6fa05883","anomaly","Concept"
"7c8577b05346dd51fd282629de1a5ba98a37c26d20170a06e954099df6227a4b","march","Concept"
"368dc1cd10f0efbaa0756841eb51cdb5d49b1174ba7eaeaffb8c29852c211222","togetherness","Concept"
"e81ec0a32c75782079fad213e84fce38595de6058c3504ab3e0eabb3677c56f0","caution","Concept"
"ed3e483b506ba8f69d6381037ef7b368e22aa3478ef7eff7505e554f5971e959","unison","Concept"
"634b8c683a0337e62f7913b5e6c312eafb6c1352f874ad650582be45b09ea311","respite","Concept"
"2e08758ab9998ad2afade548cc289ef28fb8866f713dfc0c4f0a87437ca63ef8","vacuum","Concept"
"69d626c6d6f7b0f6af23ae0e641267ee81de37cf54f839d41bbb9580d9a14421","epiphany","Concept"
"774ea1f02ebdbea3d8e825b393a25f7e225902c905e9666a8b87f81b3c0844aa","statement","Concept"
"b0eb392aac1a3af47137e6b3d6697bf3fc1c00c5c4dfec5112f8af7c7d7cf38e","unraveling","Concept"
"dfcfc4239d97c068ffc420b1a1296a02f4d94d7395503975be1dc0451c8b9bfe","suspense","Concept"
"7e79fa0a5c152974b09ebb2b74517db1f4fbeb8622dfeb160572c25dc4061012","evidence","Concept"
"2bba74b7b369bbfba5d982a3b6bb659e5def116de8d526cdebc08b92c1a25af7","ritual","Concept"
"d4a67b31a959018e3838639297c54714bf8183661d6a43d98deab59f7cbc87fc","drama","Concept"
"8cbfebfa699ba5216fe74424ad6fcfd1450ecbef971b5987a6e45663ccad86d7","security","Concept"
"13347fbc725a523f14840a486d70daa6da9b0d1807a72c291bd5cc3374332d00","brain","Concept"
"bc5ebf54106d518767a84b8e5e48103233d6d8acbe957b05f41285ae52166911","vision","Concept"
"20ce82d50f9ed21d568850d846548dd2c475b7fc28438059df453903f4ba1afe","stride","Concept"
"3a2e6ce6db8553c3407c470266ccb972955bb9c3e005ca6cc69badb1dc574fc4","activation","Concept"
"c62d0e5406328801fffae3ea523f33772c38133cb83ad5c797be67af8b7fa7f5","unexpected","Concept"
"cea17243c1406f866c7d7bece7aecd7ec61e03b313f572dd349b306d3a740ccc","objective","Concept"
"3f8df0b097d72ead3a9016a44580929a5b2f75d5a38f1b3e5d3eb77a6a3ebd4e","wisdom","Concept"
"97c576ae1a5c09359a9dc899a264fa5d0b6c3b0a33d478988f3dcddf452aaa25","advancement","Concept"
"20e8004c460c0983de44533f58ac0d6dc79401e728d4ce6dd2699b4d48a936b1","nodding","Concept"
"422bfdb47c3a0873cf8b0dc937d0d83db989ff58327965e6dd63dcdc306f6b2d","base","Concept"
"1277a93daac50a499f4406c4193cb0ec53ed93d101c3b2d0e76c8842593db051","unmasking","Concept"
"9820e8d478ddbe58dacc745c77964a6709269456fb3c9b89b9aeb127d8264375","consideration","Concept"
"288bdd051a292f9273b19c51f89eb151b37a5fc59b64b6c9d6fe9bc72510da7f","contrast","Concept"
"1d2d9c5dbb5ddd51cf8379cfff7998ece97d5f15f163920e21615eea50fc526e","gloom","Concept"
"727564e5d62f2943bb27216a8182d27b570b170d48133fb96951f33c1081a245","urgency","Concept"
"10f1e7dfa4cf05a74e6ec27fa4309fc1bb64195497fefcb3b2ff40403b17320a","abnormality","Concept"
"74e3e15d5af396f031b5c68754620f1452409e9af2339424ed3d39f126ec6686","alarm","Concept"
"4d0c2c92b91b267c659e8b739cdb49a493841d93d32c57fd5833288034f75f9e","surprise","Concept"
"20ab9a5a848717af31ee5dbded19dd8dce5e22cfd26a40a5af182c5b3ffe4bb9","elite","Concept"
"c61616245c7a5c5786ab7d9be859d54b62cb393994b52b02e23c98aa24e240c9","emotion","Concept"
"a0a6fca0dbfe0334eea264ba0b022b89c508d89bd94e9147da21a74f3c032996","composure","Concept"
"e66de0e3c64b809dc2a05b8537f81e6af909903fc2600afdf3d9f4ea8679521d","legend","Concept"
"08b13d99a48d7bf7abb1c2b6d8821f0c1f51a6d6bb1dfcc663e57bd6b04d77dc","irregularity","Concept"
"b9f27e3ef64bca519878e8844ff0a04ebf6161897dbe2629edbe706d4674f4de","distraction","Concept"
"44771d5d771897b7ffa361a7b1a6fc671b91e1afe7442c4feec01ae7e9fa4689","game","Concept"
"7a75552c03c757e243c50d8f175fb387d25398dc9714715fab58938a58f95575","respect","Concept"
"dd37b133e2d1538067bfc0c01ea01de82f36ad7d4736adc4523e73a7fd8dc933","engineering","Concept"
"693f82e161a4e9fc23b1d58d27538689768c9fcf548cb63160caa2f818f9c4b0","truths","Concept"
"80c668af6f406d62b000f88e8b1e2601aebd2a1dfad01ccdbfb522809354fdf5","relief","Concept"
"c05751c055caa238cd57846149bef1676feb583b4a22a74cca9cd43eac2aae25","emptiness","Concept"
"aa37d5c0274171b86c7056b2c6a3c4a3a821731741c1be9f66fe00b78bfd8336","artist","Concept"
"c61ed504aa5e6b9e554bf5e081321d5d1b0daf850074c92822554368a5172a6d","adjective","Concept"
"6fe55a8ce7dd0ede34eea5ce193e9ea3535b85c9a01c8dc526849f95c75d6c8a","paranormal","Concept"
"0532c8aa3d0231501002eb45a3b1e205319d6d05f7fa3a9c75b6d91935e0e9dc","wants","Concept"
"d4b976fa1da34caadc494ef819c85c76435cbde08442446166c3375d49025ee3","pitch","Concept"
"71efefa1db68e04db7b1107c968f34a554ff4d0069b87f9478ff819b43789783","chance","Concept"
"27f81b3a6aec28c5171a7186f6069151ec913e1ece3a7726e8da0281234edee0","expectation","Concept"
"0e23f952c89b72e9f676d581d66f7533543feabd5ebbbb3cf395590c959791e1","discovery","Concept"
"0e162f7038816bfa33602a15b250f47eccf3a69e16531b6a2fa87ed910d794c6","agent","Concept"
"99beef0a5d3f2fadc7822041581857c994a24fcc4e154b40e0799214fe6c9390","alignment","Concept"
"0d1a15ffdf62b75b0e2f9924bdbb70c133af0d07aaad23f5e4059c3bda2864d0","celebrity","Concept"
"05a3dd11083f201ac311fb61365372d2719c50912643a02deb420cf975a68676","cravings","Concept"
"9aa3494810631e96a368fc13aa1a4bc75b8730fed76f55b5b23bd86c7a367bd1","object","Concept"
"f78e88f2bc729660b1b1308185c9f277be2251ad39e1dc3e89ffb0d2ae9f5ed0","cadence","Concept"
"b2eb56203173e2de36235dd8a7221b64e59d9064668406acbb57a2763e6419f7","rhythm","Concept"
"d8e66ba6da235c05ad86fbe4f90453bd005f3b708049ab7f6836b09db494b262","panel","Concept"
"23831843a48c63be9f9473d47da0cbcb01715985961899a5715d7095c78f451f","inquiry","Concept"
"2bb8aa3296e379ea869eeb7a8a2635e2bd761839002259b30a85e1a68fcfe3b2","camaraderie","Concept"
"0616c23bd805acc4eb402c5843b94ec297c75ff346771b9c99519f66b2269969","sterility","Concept"
"fe33386b2cbc1aa9216aed3ae995b2e7ccccb85751c7f88b606e3cd3cc073649","advice","Concept"
"31e02ad89aa1b3b5062bfd3f997f3a8d9e2e962f6a49ff70014a6108c2e57525","charm","Concept"
"3d3da07f4fdb63cb47446a1a4b4cf49b37810688aa3439541489797fbae0fc77","poise","Concept"
"6a6ad043d07192c0854cbb4fa3eacd1a4a2dc180b219a0cf27896a8a05ec5090","adoration","Concept"
"7662b427409343b17a125e8b96d4919524a472f51ec3ce3e713ac7128ced7884","speech","Concept"
"6618ea2051dde14862e2054690599ea2ff3bff28bade129204554bb07a3d4931","problem","Concept"
"52de94f9c5f31d78ecda1d0c3b571cba875d47d14ba0070f9b7cdc495a714af1","brow","Concept"
"78a98f5bfbd6e9853f43f3226502f15222a0551f88d44e1af6babe511272a742","navigation","Concept"
"c56d334b5436de9b7026ae0018cd0c1d147ee2df2f8f2f5b4940c607199aabb4","reversal","Concept"
"950a76fa1a6e07a3ab1a7765dcad8a059798f16a00fe2e9238c9753ec561e5e2","humor","Concept"
"a2994f4632adedd87fa7ed86847a8c151c1d79749b8688a1f8af36e1dffeff59","metal","Concept"
"9179e784e8b0771f25d3b5215a36d77ffb506f4867002ce15a21c89a12835c9b","exchange","Concept"
"e9703338393b419663d2e909ff8a183958d70530b8502f0525ec451289056f37","explaining","Concept"
"7e08ef70ac55c9b059f1c8d005b42fb0ce24f1fd7e4f2e6533bbf983dff976e8","courage","Concept"
"af8ea05e0db7511525c663a46a8d7f3d6c122e6735620799e5d0e0879197c3e0","people","Concept"
"8b1f6b10a22f6c182919c9c996de6574ded16c8d110ef38a05826ee498c0ce70","anomalies","Concept"
"d79ecd3869a0df398d9914933d3043a2397f9949fc102f0928e1fbed0390b490","industrial","Concept"
"6bf766e84dfe80482fece5c3e4bd3cc580abe06d759df4240744f3bf0020f00a","joining","Concept"
"25472e4dcaa2f57fce42ff5f9f5e620a98b8b94ac6ff26798947d900d740de55","bravery","Concept"
"a5137cfcb38ddab735ee317be57da3a9cb5a208e01e7b7866117fca35a4e3f96","mutualism","Concept"
"e7c3515a4d010e37c5d9744c5a0893ed885af6e429dbb22be1554be1ff401da6","longing","Concept"
"567bb8526a40fd33a88f51615cc5746ac234fa380c5511312ad64705698ca322","confinement","Concept"
"467d5cafb8c4202ff943d6bc8d266461438bab62860b9b7b60794572f44b088d","fortune","Concept"
"be23cd3ec3767aef9b72d9cde963fc4a615d84d93aba9ea45948edb09126c297","content","Concept"
"a4c04fa55c574d1c2a8bfc1f5a17d0366c677fea329034674bdc3e28ebde4cd9","good fortune","Concept"
"b8e8d53a526e6a6dfc8774c9517ac895cc9a96436446824919d6788dcc201e07","truce","Concept"
"f4ecf39884f0678a7f8b91b2737ef4a3f4995a8818818881ca6701351a427786","hypocrisy","Concept"
"89ff8e5bb3cc24d5754c872b280bb56d33485a2c6648bd45edc27dd15db4e570","doubt","Concept"
"3b1e2f90015a6f0666f023f3dd437ffa6a77a9c83e257b0805276314b7a0a0d6","gadgets","Concept"
"fad52e2f9c0e1cb2ce57f9cce968b1b416d9c07d6552ad62e2e0d1570cc3b6ae","stillness","Concept"
"939d16dd65e44dff5e71b680e1e931ce3e451160e02cb8cdb52fdf0cc5b8a2d9","synchrony","Concept"
"b8d50f2187feafc775f67ba167c675ababe0af1bb5ad249de6820f794025b940","emotional","Concept"
"5852ee7ab2f12730bcabeb0bc98ede2b5d232103b0c897a19ff5640cf4689cc3","twist","Concept"
"59db9e17d5b817a3a501db3ae56fff94b2af2535ffa23cf55504005c78525be5","vow","Concept"
"dbd581fdbb85696c1b3307d1e2446255f6dd13867087aee8a8b5d7ce37cb828d","investigation","Concept"
"c06537c9c50f0e568d1b8c01dbd58794eca24b4c88936b2225c3c61d41ca1789","feature","Concept"
"660dcc13c9b4289d99488c04163b680821e07f09954ab80ce6d8d0010e29a0c6","player","Concept"
"b2b9d6e20c434bf48757ad5e1f911ccecc25b95645991526c7ec6b30cf1ccf27","actors","Concept"
"d8693205c6b810e8a7c2bdab8818a6073920a7f47b532f1fa5a3e1b2eda1a405","void","Concept"
"81bdbb8d1aae00a227b360b1d65687aa67000884a8aad4a32c6dbace3e48ec5e","standards","Concept"
"c475b89830c5584ac8b21b5017c40102b32249e8023bf5fd2155572ba198ab78","universe","Concept"
"cc2459a768fed8b7225f438ccfe6e10813e81befaf57e236a2a48a282313ce57","institution","Concept"
"ca1bf3830c3c8fbc931625384c1e45a547960323c9d2ca38682c2651092049b1","concept","Concept"
"eb6c53038edfd4878ea41777f26faed1576f9c1f3567961de859b8f116c5ab9c","gates","Concept"
"4f2028f56854987078da3fff713d028f2b20ed7fe1d233f9671689b209e01cbf","silence","Concept"
"e62eecffece7138101a0784f741a10a9ebe13e0f1ccb18157c9e5cb6721f74ef","style","Concept"
"39aa4f188aab72a2e66f65aa6a1b2a98ab438e961e336633cf71bb778e9f4ec4","step","Concept"
"f7cad1537f102c5f608646d74c96d9722c34871efc301cd63dad8dfbd11b5487","preparation","Concept"
"eabc45d7779cd76c7a7f9c09012f3ef2f10e38459ed2ecd678c9e88c78db1917","productivity","Concept"
"1d741ec5ec2421d6085c9e6a5b0db578ad45b76a8d40dee7c373bf9fe3a5bf74","aircraft","Concept"
"67d272b31ef0ac1527123cfd812fdf998a028c8591b037a8c62260d5abd6df51","isolation","Concept"
"8154eb48af4a09ff5007ae583a0d07281a0c9263d2535204c36db69215cf5425","fight","Concept"
"7669af586c3b459626dfe1f0d2242ac7ec09235fe5cbad798c7092d70d6b079e","solitude","Concept"
"05a2940d88330ff8b337cae848cda130d764d2e74087a427d77f0f141511eef2","devices","Concept"
"ba5f5d96e33f44dc79935b2f3c54887df9ff7aeaa814c5290e609a4f0af62c3a","detection","Concept"
"41a3874ac05df4a4403f734177f59b50f3ff5a5b9ac4417bf554f71ad244153f","threshold","Concept"
"84384492885e53319706ba8ac8c4a08860a59605d928746bd5590fa0e28868b8","fear","Concept"
"ff19aa5026eaa9c14aa0ca998566b08c099e51b652150e593286396ca326378b","possession","Concept"
"9f3ad605cbeba2ef663c53008a26ad9ecdb74db3c207508d4dd43e3b532c3956","concentration","Concept"
"fd632a91efb08eb73d05547a2a493a8adfe376e0e008545c2db92fb95df66b9c","depression","Concept"
